[{"Rounds":5,"fRounds":4,"bRounds":1,"Startr":1,"objective":1,"Af":[[[[[0,1],[1,1]],[[1,1],[1,1]],[[1,1],[1,1]],[[1,1],[1,1]]],[[[1,1],[1,1]],[[1,1],[1,1]],[[1,1],[1,1]],[[1,1],[1,1]]],[[[1,1],[1,1]],[[0,1],[1,1]],[[1,1],[1,1]],[[1,1],[1,1]]],[[[1,1],[1,1]],[[1,1],[1,1]],[[0,1],[1,1]],[[1,1],[1,1]]]],[[[[1,1],[1,0]],[[0,1],[1,1]],[[0,1],[1,1]],[[1,1],[1,0]]],[[[1,1],[1,0]],[[0,1],[1,1]],[[0,1],[1,1]],[[0,1],[1,1]]],[[[0,1],[1,1]],[[0,1],[1,1]],[[0,1],[1,1]],[[1,1],[1,0]]],[[[0,1],[1,1]],[[0,1],[1,1]],[[0,1],[1,1]],[[0,1],[1,1]]]],[[[[0,1],[1,0]],[[0,1],[1,0]],[[1,1],[1,0]],[[0,1],[1,0]]],[[[0,1],[1,0]],[[0,1],[1,0]],[[0,1],[1,0]],[[1,1],[1,0]]],[[[0,1],[1,1]],[[0,1],[1,1]],[[0,1],[1,1]],[[0,1],[1,1]]],[[[1,1],[1,0]],[[1,1],[1,0]],[[1,1],[1,0]],[[1,1],[1,0]]]],[[[[0,0],[0,0]],[[0,0],[0,0]],[[0,0],[0,0]],[[0,0],[0,0]]],[[[0,0],[0,0]],[[0,0],[0,0]],[[0,0],[0,0]],[[0,0],[0,0]]],[[[1,1],[1,0]],[[0,1],[1,0]],[[0,1],[1,0]],[[0,1],[1,0]]],[[[0,0],[0,0]],[[0,0],[0,0]],[[0,0],[0,0]],[[0,0],[0,0]]]]],"SBf":[[[[[0,1],[1,1]],[[1,1],[1,1]],[[1,1],[1,1]],[[1,1],[1,1]]],[[[1,1],[1,1]],[[0,1],[1,1]],[[0,1],[1,1]],[[1,1],[1,1]]],[[[1,1],[1,1]],[[1,1],[1,1]],[[1,1],[1,1]],[[1,1],[1,1]]],[[[1,1],[1,1]],[[1,1],[1,1]],[[1,1],[1,1]],[[1,1],[1,1]]]],[[[[1,1],[1,0]],[[0,1],[1,1]],[[0,1],[1,1]],[[0,1],[1,1]]],[[[1,1],[1,0]],[[0,1],[1,1]],[[0,1],[1,1]],[[1,1],[1,0]]],[[[0,1],[1,1]],[[0,1],[1,1]],[[0,1],[1,1]],[[0,1],[1,1]]],[[[0,1],[1,1]],[[0,1],[1,1]],[[0,1],[1,1]],[[1,1],[1,0]]]],[[[[0,0],[0,0]],[[0,0],[0,0]],[[0,1],[1,1]],[[1,1],[1,0]]],[[[0,0],[0,0]],[[0,1],[1,1]],[[1,1],[1,0]],[[0,0],[0,0]]],[[[0,1],[1,1]],[[1,1],[1,0]],[[1,1],[1,0]],[[1,1],[1,0]]],[[[1,1],[1,0]],[[0,0],[0,0]],[[0,0],[0,0]],[[0,1],[1,1]]]],[[[[0,0],[0,0]],[[0,0],[0,0]],[[0,0],[0,0]],[[0,0],[0,0]]],[[[0,0],[0,0]],[[0,0],[0,0]],[[0,0],[0,0]],[[0,0],[0,0]]],[[[1,1],[1,0]],[[0,0],[0,0]],[[0,0],[0,0]],[[0,0],[0,0]]],[[[0,0],[0,0]],[[0,0],[0,0]],[[0,0],[0,0]],[[0,0],[0,0]]]]],"MCf":[[[[[0,0],[0,0]],[[0,0],[0,0]],[[0,0],[0,0]],[[0,0],[0,0]]],[[[0,0],[0,0]],[[0,0],[0,0]],[[0,0],[0,0]],[[0,0],[0,0]]],[[[0,0],[0,0]],[[0,0],[0,0]],[[0,0],[0,0]],[[0,0],[0,0]]],[[[0,0],[0,0]],[[0,0],[0,0]],[[0,0],[0,0]],[[0,0],[0,0]]]],[[[[0,1],[1,0]],[[0,1],[1,0]],[[0,1],[1,0]],[[0,1],[1,0]]],[[[0,1],[1,0]],[[0,1],[1,0]],[[0,1],[1,0]],[[0,1],[1,0]]],[[[0,1],[1,1]],[[0,1],[1,1]],[[0,1],[1,1]],[[0,1],[1,1]]],[[[0,1],[1,0]],[[0,1],[1,0]],[[0,1],[1,0]],[[0,1],[1,0]]]],[[[[0,0],[0,0]],[[0,0],[0,0]],[[0,0],[0,0]],[[0,0],[0,0]]],[[[0,0],[0,0]],[[0,0],[0,0]],[[0,0],[0,0]],[[0,0],[0,0]]],[[[0,1],[1,0]],[[0,1],[1,0]],[[0,1],[1,0]],[[0,1],[1,0]]],[[[0,0],[0,0]],[[0,0],[0,0]],[[0,0],[0,0]],[[0,0],[0,0]]]],[[[[0,0],[0,0]],[[0,1],[1,1]],[[0,1],[1,1]],[[0,0],[0,0]]],[[[0,0],[0,0]],[[0,0],[0,0]],[[0,1],[1,1]],[[0,1],[1,1]]],[[[0,1],[1,0]],[[0,1],[1,0]],[[0,1],[1,0]],[[0,1],[1,1]]],[[[0,1],[1,1]],[[0,1],[1,1]],[[0,0],[0,0]],[[0,0],[0,0]]]]],"DCf":[[[[0,0],[0,0],[0,0],[0,0]],[[0,0],[0,0],[0,0],[0,0]],[[0,0],[0,0],[0,0],[0,0]],[[0,0],[0,0],[0,0],[0,0]]],[[[0,0],[0,0],[0,0],[0,0]],[[0,0],[0,0],[0,0],[0,0]],[[0,0],[0,0],[0,0],[0,0]],[[0,0],[0,0],[0,0],[0,0]]],[[[0,0],[0,0],[0,0],[0,0]],[[0,0],[0,0],[0,0],[0,0]],[[0,0],[0,0],[0,0],[0,0]],[[0,0],[0,0],[0,0],[0,0]]],[[[0,0],[0,0],[0,0],[0,0]],[[0,0],[0,0],[0,0],[0,0]],[[0,0],[0,0],[0,0],[0,0]],[[0,0],[0,0],[0,0],[0,0]]]],"DCfAK":[[[[1,0],[0,0],[0,0],[1,0]],[[1,0],[0,0],[0,0],[0,0]],[[0,0],[0,0],[0,0],[1,0]],[[0,0],[0,0],[0,0],[0,0]]],[[[0,0],[0,0],[1,0],[0,0]],[[0,0],[0,0],[0,0],[1,0]],[[0,0],[0,0],[0,0],[0,0]],[[1,0],[1,0],[1,0],[1,0]]],[[[0,0],[0,0],[0,0],[0,0]],[[0,0],[0,0],[0,0],[0,0]],[[1,0],[0,0],[0,0],[0,0]],[[0,0],[0,0],[0,0],[0,0]]],[[[0,0],[0,0],[0,0],[0,0]],[[0,0],[0,0],[0,0],[0,0]],[[0,0],[0,0],[0,0],[0,0]],[[0,0],[0,0],[0,0],[0,0]]]],"Ab":[[[[[0,0],[0,0]],[[0,1],[1,1]],[[0,1],[1,1]],[[0,0],[0,0]]],[[[0,0],[0,0]],[[0,0],[0,0]],[[0,1],[1,1]],[[0,1],[1,1]]],[[[0,1],[1,1]],[[1,1],[1,0]],[[1,1],[1,0]],[[0,1],[1,1]]],[[[0,1],[1,1]],[[0,1],[1,1]],[[0,0],[0,0]],[[0,0],[0,0]]]]],"SBb":[[[[[0,1],[1,0]],[[0,1],[1,0]],[[1,1],[1,0]],[[0,1],[1,0]]],[[[0,1],[1,0]],[[1,1],[1,0]],[[0,1],[1,0]],[[0,1],[1,0]]],[[[0,1],[1,1]],[[0,1],[1,1]],[[0,1],[1,1]],[[0,1],[1,1]]],[[[0,1],[1,1]],[[0,1],[1,1]],[[0,1],[1,1]],[[0,1],[1,1]]]]],"MCb":[[[[[0,1],[1,0]],[[0,1],[1,1]],[[0,1],[1,1]],[[0,1],[1,1]]],[[[0,1],[1,0]],[[0,1],[1,1]],[[0,1],[1,1]],[[0,1],[1,1]]],[[[0,1],[1,1]],[[0,1],[1,1]],[[0,1],[1,1]],[[0,1],[1,1]]],[[[0,1],[1,1]],[[0,1],[1,1]],[[0,1],[1,1]],[[0,1],[1,1]]]]],"DCb":[[[[0,0],[0,0],[1,0],[0,0]],[[0,0],[1,0],[0,0],[0,0]],[[0,0],[0,0],[0,0],[0,0]],[[0,0],[0,0],[0,0],[0,0]]]],"DCbAK":null,"dom":[[0,0,0,0],[0,0,0,0],[1,0,0,0],[0,0,0,0]],"obj":[1,1,1],"Key":{"RK":[[[[[0,1],[1,0]],[[0,1],[1,1]],[[0,1],[1,1]],[[0,1],[1,0]]],[[[0,1],[1,0]],[[0,1],[1,1]],[[0,1],[1,1]],[[0,1],[1,1]]],[[[0,1],[1,1]],[[0,1],[1,1]],[[0,1],[1,1]],[[0,1],[1,0]]],[[[0,1],[1,1]],[[0,1],[1,1]],[[0,1],[1,1]],[[0,1],[1,1]]]],[[[[0,1],[1,0]],[[0,1],[1,1]],[[0,1],[1,1]],[[0,1],[1,0]]],[[[0,1],[1,1]],[[0,1],[1,1]],[[0,1],[1,1]],[[0,1],[1,0]]],[[[0,1],[1,1]],[[0,1],[1,1]],[[0,1],[1,1]],[[0,1],[1,1]]],[[[0,1],[1,1]],[[0,1],[1,1]],[[0,1],[1,1]],[[0,1],[1,1]]]],[[[[0,1],[1,0]],[[0,1],[1,1]],[[0,1],[1,1]],[[0,1],[1,0]]],[[[0,1],[1,0]],[[0,1],[1,1]],[[0,1],[1,1]],[[0,1],[1,1]]],[[[0,1],[1,0]],[[0,1],[1,1]],[[0,1],[1,1]],[[0,1],[1,1]]],[[[0,1],[1,0]],[[0,1],[1,1]],[[0,1],[1,1]],[[0,1],[1,1]]]],[[[[0,1],[1,0]],[[0,1],[1,1]],[[0,1],[1,1]],[[0,1],[1,1]]],[[[0,1],[1,1]],[[0,1],[1,1]],[[0,1],[1,1]],[[0,1],[1,1]]],[[[0,1],[1,0]],[[0,1],[1,1]],[[0,1],[1,1]],[[0,1],[1,1]]],[[[0,1],[1,1]],[[0,1],[1,1]],[[0,1],[1,1]],[[0,1],[1,1]]]],[[[[0,1],[1,0]],[[0,1],[1,1]],[[0,1],[1,1]],[[0,1],[1,1]]],[[[0,1],[1,0]],[[0,1],[1,1]],[[0,1],[1,1]],[[0,1],[1,1]]],[[[0,1],[1,1]],[[0,1],[1,1]],[[0,1],[1,1]],[[0,1],[1,1]]],[[[0,1],[1,1]],[[0,1],[1,1]],[[0,1],[1,1]],[[0,1],[1,1]]]],[[[[0,1],[1,0]],[[0,1],[1,1]],[[0,1],[1,1]],[[0,1],[1,1]]],[[[0,1],[1,1]],[[0,1],[1,1]],[[0,1],[1,1]],[[0,1],[1,1]]],[[[0,1],[1,1]],[[0,1],[1,1]],[[0,1],[1,1]],[[0,1],[1,1]]],[[[0,1],[1,1]],[[0,1],[1,1]],[[0,1],[1,1]],[[0,1],[1,1]]]]],"S":[[[[[0,1],[1,1]],[[0,1],[1,1]],[[0,1],[1,1]],[[0,1],[1,1]]],[[[0,1],[1,1]],[[0,1],[1,1]],[[1,1],[1,0]],[[1,1],[1,0]]],[[[0,1],[1,1]],[[0,1],[1,1]],[[0,1],[1,1]],[[0,1],[1,1]]],[[[0,1],[1,1]],[[0,1],[1,1]],[[0,1],[1,1]],[[0,1],[1,1]]]],[[[[0,1],[1,1]],[[0,1],[1,1]],[[0,1],[1,1]],[[0,1],[1,1]]],[[[0,1],[1,1]],[[0,1],[1,1]],[[0,1],[1,1]],[[0,1],[1,1]]],[[[0,1],[1,1]],[[1,1],[1,0]],[[1,1],[1,0]],[[0,1],[1,1]]],[[[0,1],[1,1]],[[0,1],[1,1]],[[0,1],[1,1]],[[0,1],[1,1]]]],[[[[0,1],[1,1]],[[0,1],[1,1]],[[0,1],[1,1]],[[0,1],[1,1]]],[[[0,1],[1,1]],[[0,1],[1,1]],[[0,1],[1,1]],[[0,1],[1,1]]],[[[0,1],[1,1]],[[0,1],[1,1]],[[0,1],[1,1]],[[0,1],[1,1]]],[[[0,1],[1,0]],[[1,1],[1,0]],[[0,1],[1,1]],[[0,1],[1,1]]]],[[[[0,1],[1,1]],[[0,1],[1,1]],[[0,1],[1,1]],[[0,1],[1,0]]],[[[0,1],[1,1]],[[0,1],[1,1]],[[0,1],[1,1]],[[0,1],[1,1]]],[[[0,1],[1,1]],[[0,1],[1,1]],[[0,1],[1,1]],[[0,1],[1,1]]],[[[0,1],[1,1]],[[0,1],[1,1]],[[0,1],[1,1]],[[0,1],[1,1]]]],[[[[0,1],[1,1]],[[0,1],[1,1]],[[0,1],[1,1]],[[0,1],[1,1]]],[[[0,1],[1,1]],[[0,1],[1,1]],[[0,1],[1,0]],[[0,1],[1,1]]],[[[0,1],[1,1]],[[0,1],[1,1]],[[0,1],[1,1]],[[0,1],[1,1]]],[[[0,1],[1,1]],[[0,1],[1,1]],[[0,1],[1,1]],[[0,1],[1,1]]]],[[[[0,1],[1,1]],[[0,1],[1,1]],[[0,1],[1,1]],[[0,1],[1,1]]],[[[0,1],[1,1]],[[0,1],[1,1]],[[0,1],[1,1]],[[0,1],[1,1]]],[[[0,1],[1,1]],[[0,1],[1,0]],[[0,1],[1,1]],[[0,1],[1,1]]],[[[0,1],[1,1]],[[0,1],[1,1]],[[0,1],[1,1]],[[0,1],[1,1]]]]],"DCK":[[[[0,0],[0,0],[0,0],[0,0]],[[0,0],[0,0],[0,0],[0,0]],[[0,0],[0,0],[0,0],[0,0]],[[0,0],[0,0],[0,0],[0,0]]],[[[0,0],[0,0],[0,0],[0,0]],[[0,0],[0,0],[0,0],[0,0]],[[0,0],[0,0],[0,0],[0,0]],[[0,0],[0,0],[0,0],[0,0]]],[[[0,0],[0,0],[0,0],[0,0]],[[0,0],[0,0],[0,0],[0,0]],[[0,0],[0,0],[0,0],[0,0]],[[0,0],[0,0],[0,0],[0,0]]],[[[0,0],[0,0],[0,0],[0,0]],[[0,0],[0,0],[0,0],[0,0]],[[0,0],[0,0],[0,0],[0,0]],[[0,0],[0,0],[0,0],[0,0]]],[[[0,0],[0,0],[0,0],[0,0]],[[0,0],[0,0],[0,0],[0,0]],[[0,0],[0,0],[0,0],[0,0]],[[0,0],[0,0],[0,0],[0,0]]],[[[0,0],[0,0],[0,0],[0,0]],[[0,0],[0,0],[0,0],[0,0]],[[0,0],[0,0],[0,0],[0,0]],[[0,0],[0,0],[0,0],[0,0]]]],"DCS":[[[0,0],[0,0],[0,0],[0,0]],[[0,0],[0,0],[0,0],[0,0]],[[0,0],[0,0],[0,0],[0,0]],[[0,1],[0,0],[0,0],[0,0]],[[0,0],[0,0],[0,0],[0,0]],[[0,0],[0,0],[0,0],[0,0]]],"GuessS":[[0,0,0,0],[0,0,0,0],[0,0,0,0],[1,0,0,0],[0,0,0,0],[0,0,0,0]]}},{"Rounds":5,"fRounds":4,"bRounds":1,"Startr":1,"objective":0,"Af":[[[[[1,1],[1,1]],[[0,1],[1,1]],[[1,1],[1,1]],[[1,1],[1,1]]],[[[0,1],[1,1]],[[0,1],[1,1]],[[1,1],[1,1]],[[1,1],[1,1]]],[[[0,1],[1,1]],[[1,1],[1,1]],[[1,1],[1,1]],[[0,1],[1,1]]],[[[0,1],[1,1]],[[0,1],[1,1]],[[0,1],[1,1]],[[1,1],[1,1]]]],[[[[0,1],[1,1]],[[0,1],[1,1]],[[0,1],[1,1]],[[0,1],[1,1]]],[[[0,1],[1,1]],[[0,1],[1,1]],[[0,1],[1,1]],[[0,1],[1,1]]],[[[0,1],[1,1]],[[0,1],[1,1]],[[0,1],[1,1]],[[0,1],[1,1]]],[[[0,1],[1,1]],[[0,1],[1,1]],[[0,1],[1,1]],[[0,1],[1,1]]]],[[[[0,1],[1,1]],[[0,1],[1,1]],[[0,1],[1,1]],[[0,1],[1,1]]],[[[0,1],[1,1]],[[0,1],[1,1]],[[0,1],[1,1]],[[0,1],[1,1]]],[[[0,1],[1,1]],[[0,1],[1,1]],[[0,1],[1,1]],[[0,1],[1,1]]],[[[0,1],[1,1]],[[0,1],[1,1]],[[0,1],[1,1]],[[0,1],[1,1]]]],[[[[0,1],[1,1]],[[0,1],[1,1]],[[0,1],[1,1]],[[0,1],[1,1]]],[[[0,1],[1,1]],[[0,1],[1,1]],[[0,1],[1,1]],[[0,1],[1,1]]],[[[0,1],[1,1]],[[0,1],[1,1]],[[0,1],[1,1]],[[0,1],[1,1]]],[[[0,1],[1,1]],[[0,1],[1,1]],[[0,1],[1,1]],[[0,1],[1,1]]]]],"SBf":[[[[[1,1],[1,1]],[[0,1],[1,1]],[[1,1],[1,1]],[[1,1],[1,1]]],[[[0,1],[1,1]],[[1,1],[1,1]],[[0,1],[1,1]],[[1,1],[1,1]]],[[[0,1],[1,1]],[[0,1],[1,1]],[[1,1],[1,1]],[[1,1],[1,1]]],[[[0,1],[1,1]],[[0,1],[1,1]],[[1,1],[1,1]],[[0,1],[1,1]]]],[[[[0,1],[1,1]],[[0,1],[1,1]],[[0,1],[1,1]],[[0,1],[1,1]]],[[[0,1],[1,1]],[[0,1],[1,1]],[[0,1],[1,1]],[[0,1],[1,1]]],[[[0,1],[1,1]],[[0,1],[1,1]],[[0,1],[1,1]],[[0,1],[1,1]]],[[[0,1],[1,1]],[[0,1],[1,1]],[[0,1],[1,1]],[[0,1],[1,1]]]],[[[[0,1],[1,1]],[[0,1],[1,1]],[[0,1],[1,1]],[[0,1],[1,1]]],[[[0,1],[1,1]],[[0,1],[1,1]],[[0,1],[1,1]],[[0,1],[1,1]]],[[[0,1],[1,1]],[[0,1],[1,1]],[[0,1],[1,1]],[[0,1],[1,1]]],[[[0,1],[1,1]],[[0,1],[1,1]],[[0,1],[1,1]],[[0,1],[1,1]]]],[[[[0,1],[1,1]],[[0,1],[1,1]],[[0,1],[1,1]],[[0,1],[1,1]]],[[[0,1],[1,1]],[[0,1],[1,1]],[[0,1],[1,1]],[[0,1],[1,1]]],[[[0,1],[1,1]],[[0,1],[1,1]],[[0,1],[1,1]],[[0,1],[1,1]]],[[[0,1],[1,1]],[[0,1],[1,1]],[[0,1],[1,1]],[[0,1],[1,1]]]]],"MCf":[[[[[0,0],[0,0]],[[0,0],[0,0]],[[0,0],[0,0]],[[0,0],[0,0]]],[[[0,0],[0,0]],[[0,0],[0,0]],[[0,0],[0,0]],[[0,0],[0,0]]],[[[0,0],[0,0]],[[0,0],[0,0]],[[0,0],[0,0]],[[0,0],[0,0]]],[[[0,0],[0,0]],[[0,0],[0,0]],[[0,0],[0,0]],[[0,0],[0,0]]]],[[[[0,1],[1,1]],[[0,1],[1,1]],[[0,1],[1,1]],[[0,1],[1,1]]],[[[0,1],[1,1]],[[0,1],[1,1]],[[0,1],[1,1]],[[0,1],[1,1]]],[[[0,1],[1,1]],[[0,1],[1,1]],[[0,1],[1,1]],[[0,1],[1,1]]],[[[0,1],[1,1]],[[0,1],[1,1]],[[0,1],[1,1]],[[0,1],[1,1]]]],[[[[0,1],[1,1]],[[0,1],[1,1]],[[0,1],[1,1]],[[0,1],[1,1]]],[[[0,1],[1,1]],[[0,1],[1,1]],[[0,1],[1,1]],[[0,1],[1,1]]],[[[0,1],[1,1]],[[0,1],[1,1]],[[0,1],[1,1]],[[0,1],[1,1]]],[[[0,1],[1,1]],[[0,1],[1,1]],[[0,1],[1,1]],[[0,1],[1,1]]]],[[[[0,1],[1,1]],[[0,1],[1,1]],[[0,1],[1,1]],[[0,1],[1,1]]],[[[0,1],[1,1]],[[0,1],[1,1]],[[0,1],[1,1]],[[0,1],[1,1]]],[[[0,1],[1,1]],[[0,1],[1,1]],[[0,1],[1,1]],[[0,1],[1,1]]],[[[0,1],[1,1]],[[0,1],[1,1]],[[0,1],[1,1]],[[0,1],[1,1]]]]],"DCf":[[[[0,0],[0,0],[0,0],[0,0]],[[0,0],[0,0],[0,0],[0,0]],[[0,0],[0,0],[0,0],[0,0]],[[0,0],[0,0],[0,0],[0,0]]],[[[0,0],[0,0],[0,0],[0,0]],[[0,0],[0,0],[0,0],[0,0]],[[0,0],[0,0],[0,0],[0,0]],[[0,0],[0,0],[0,0],[0,0]]],[[[0,0],[0,0],[0,0],[0,0]],[[0,0],[0,0],[0,0],[0,0]],[[0,0],[0,0],[0,0],[0,0]],[[0,0],[0,0],[0,0],[0,0]]],[[[0,0],[0,0],[0,0],[0,0]],[[0,0],[0,0],[0,0],[0,0]],[[0,0],[0,0],[0,0],[0,0]],[[0,0],[0,0],[0,0],[0,0]]]],"DCfAK":[[[[0,0],[0,0],[0,0],[0,0]],[[0,0],[0,0],[0,0],[0,0]],[[0,0],[0,0],[0,0],[0,0]],[[0,0],[0,0],[0,0],[0,0]]],[[[0,0],[0,0],[0,0],[0,0]],[[0,0],[0,0],[0,0],[0,0]],[[0,0],[0,0],[0,0],[0,0]],[[0,0],[0,0],[0,0],[0,0]]],[[[0,0],[0,0],[0,0],[0,0]],[[0,0],[0,0],[0,0],[0,0]],[[0,0],[0,0],[0,0],[0,0]],[[0,0],[0,0],[0,0],[0,0]]],[[[0,0],[0,0],[0,0],[0,0]],[[0,0],[0,0],[0,0],[0,0]],[[0,0],[0,0],[0,0],[0,0]],[[0,0],[0,0],[0,0],[0,0]]]],"Ab":[[[[[0,1],[1,1]],[[0,1],[1,1]],[[0,1],[1,1]],[[0,1],[1,1]]],[[[0,1],[1,1]],[[0,1],[1,1]],[[0,1],[1,1]],[[0,1],[1,1]]],[[[0,1],[1,1]],[[0,1],[1,1]],[[0,1],[1,1]],[[0,1],[1,1]]],[[[0,1],[1,1]],[[0,1],[1,1]],[[0,1],[1,1]],[[0,1],[1,1]]]]],"SBb":[[[[[0,1],[1,1]],[[0,1],[1,1]],[[0,1],[1,1]],[[0,1],[1,1]]],[[[0,1],[1,1]],[[0,1],[1,1]],[[0,1],[1,1]],[[0,1],[1,1]]],[[[0,1],[1,1]],[[0,1],[1,1]],[[0,1],[1,1]],[[0,1],[1,1]]],[[[0,1],[1,1]],[[0,1],[1,1]],[[0,1],[1,1]],[[0,1],[1,1]]]]],"MCb":[[[[[0,1],[1,1]],[[0,1],[1,1]],[[0,1],[1,1]],[[0,1],[1,1]]],[[[0,1],[1,1]],[[0,1],[1,1]],[[0,1],[1,1]],[[0,1],[1,1]]],[[[0,1],[1,1]],[[0,1],[1,1]],[[0,1],[1,1]],[[0,1],[1,1]]],[[[0,1],[1,1]],[[0,1],[1,1]],[[0,1],[1,1]],[[0,1],[1,1]]]]],"DCb":[[[[0,0],[0,0],[0,0],[0,0]],[[0,0],[0,0],[0,0],[0,0]],[[0,0],[0,0],[0,0],[0,0]],[[0,0],[0,0],[0,0],[0,0]]]],"DCbAK":null,"dom":[[1,1,1,1],[1,1,1,1],[1,1,1,1],[1,1,1,1]],"obj":[12,0,32],"Key":{"RK":[[[[[0,1],[1,1]],[[0,1],[1,1]],[[0,1],[1,1]],[[0,1],[1,1]]],[[[0,1],[1,1]],[[0,1],[1,1]],[[1,1],[1,1]],[[0,1],[1,1]]],[[[1,1],[1,1]],[[0,1],[1,1]],[[0,1],[1,1]],[[0,1],[1,1]]],[[[1,1],[1,1]],[[0,1],[1,1]],[[1,1],[1,1]],[[0,1],[1,1]]]],[[[[0,1],[1,1]],[[0,1],[1,1]],[[0,1],[1,1]],[[0,1],[1,1]]],[[[0,1],[1,1]],[[0,1],[1,1]],[[0,1],[1,1]],[[1,1],[1,1]]],[[[0,1],[1,1]],[[0,1],[1,1]],[[1,1],[1,1]],[[0,1],[1,1]]],[[[0,1],[1,1]],[[0,1],[1,1]],[[1,1],[1,1]],[[1,1],[1,1]]]],[[[[0,1],[1,1]],[[0,1],[1,1]],[[0,1],[1,1]],[[0,1],[1,1]]],[[[0,1],[1,1]],[[0,1],[1,1]],[[1,1],[1,1]],[[0,1],[1,1]]],[[[0,1],[1,1]],[[0,1],[1,1]],[[1,1],[1,1]],[[0,1],[1,1]]],[[[0,1],[1,1]],[[1,1],[1,1]],[[1,1],[1,1]],[[0,1],[1,1]]]],[[[[0,1],[1,1]],[[1,1],[1,1]],[[0,1],[1,1]],[[0,1],[1,1]]],[[[0,1],[1,1]],[[0,1],[1,1]],[[0,1],[1,1]],[[0,1],[1,1]]],[[[0,1],[1,1]],[[1,1],[1,1]],[[0,1],[1,1]],[[0,1],[1,1]]],[[[1,1],[1,1]],[[1,1],[1,1]],[[0,1],[1,1]],[[0,1],[1,1]]]],[[[[0,1],[1,1]],[[0,1],[1,1]],[[0,1],[1,1]],[[0,1],[1,1]]],[[[0,1],[1,1]],[[0,1],[1,1]],[[0,1],[1,1]],[[0,1],[1,1]]],[[[1,1],[1,1]],[[0,1],[1,1]],[[0,1],[1,1]],[[0,1],[1,1]]],[[[1,1],[1,1]],[[0,1],[1,1]],[[0,1],[1,1]],[[0,1],[1,1]]]],[[[[0,1],[1,1]],[[0,1],[1,1]],[[0,1],[1,1]],[[0,1],[1,1]]],[[[0,1],[1,1]],[[0,1],[1,1]],[[0,1],[1,1]],[[0,1],[1,1]]],[[[0,1],[1,1]],[[0,1],[1,1]],[[0,1],[1,1]],[[0,1],[1,1]]],[[[0,1],[1,1]],[[0,1],[1,1]],[[0,1],[1,1]],[[1,1],[1,1]]]]],"S":[[[[[0,1],[1,1]],[[0,1],[1,1]],[[1,1],[1,1]],[[1,1],[1,1]]],[[[1,1],[1,1]],[[0,1],[1,1]],[[0,1],[1,1]],[[1,1],[1,1]]],[[[0,1],[1,1]],[[0,1],[1,1]],[[0,1],[1,1]],[[0,1],[1,1]]],[[[1,1],[1,1]],[[1,1],[1,1]],[[1,1],[1,1]],[[1,1],[1,1]]]],[[[[1,1],[1,1]],[[1,1],[1,1]],[[1,1],[1,1]],[[1,1],[1,1]]],[[[1,1],[1,1]],[[1,1],[1,1]],[[1,1],[1,1]],[[0,1],[1,1]]],[[[0,1],[1,1]],[[0,1],[1,1]],[[1,1],[1,1]],[[1,1],[1,1]]],[[[0,1],[1,1]],[[0,1],[1,1]],[[0,1],[1,1]],[[0,1],[1,1]]]],[[[[0,1],[1,1]],[[0,1],[1,1]],[[0,1],[1,1]],[[0,1],[1,1]]],[[[1,1],[1,1]],[[1,1],[1,1]],[[1,1],[1,1]],[[1,1],[1,1]]],[[[1,1],[1,1]],[[1,1],[1,1]],[[0,1],[1,1]],[[1,1],[1,1]]],[[[0,1],[1,1]],[[1,1],[1,1]],[[1,1],[1,1]],[[0,1],[1,1]]]],[[[[0,1],[1,1]],[[1,1],[1,1]],[[0,1],[1,1]],[[0,1],[1,1]]],[[[0,1],[1,1]],[[0,1],[1,1]],[[0,1],[1,1]],[[0,1],[1,1]]],[[[1,1],[1,1]],[[1,1],[1,1]],[[1,1],[1,1]],[[1,1],[1,1]]],[[[1,1],[1,1]],[[0,1],[1,1]],[[1,1],[1,1]],[[1,1],[1,1]]]],[[[[0,1],[1,1]],[[1,1],[1,1]],[[1,1],[1,1]],[[1,1],[1,1]]],[[[0,1],[1,1]],[[0,1],[1,1]],[[0,1],[1,1]],[[0,1],[1,1]]],[[[0,1],[1,1]],[[0,1],[1,1]],[[0,1],[1,1]],[[0,1],[1,1]]],[[[1,1],[1,1]],[[1,1],[1,1]],[[1,1],[1,1]],[[1,1],[1,1]]]],[[[[1,1],[1,1]],[[1,1],[1,1]],[[1,1],[1,1]],[[1,1],[1,1]]],[[[0,1],[1,1]],[[1,1],[1,1]],[[1,1],[1,1]],[[0,1],[1,1]]],[[[0,1],[1,1]],[[0,1],[1,1]],[[0,1],[1,1]],[[0,1],[1,1]]],[[[0,1],[1,1]],[[0,1],[1,1]],[[0,1],[1,1]],[[0,1],[1,1]]]]],"DCK":[[[[0,0],[0,0],[0,0],[0,0]],[[0,0],[0,0],[0,0],[0,0]],[[0,0],[0,0],[0,0],[0,0]],[[0,0],[0,0],[0,0],[0,0]]],[[[0,0],[0,0],[0,0],[0,0]],[[0,0],[0,0],[0,0],[0,0]],[[0,0],[0,0],[0,0],[0,0]],[[0,0],[0,0],[0,0],[0,0]]],[[[0,0],[0,0],[0,0],[0,0]],[[0,0],[0,0],[0,0],[0,0]],[[0,0],[0,0],[0,0],[0,0]],[[0,0],[0,0],[0,0],[0,0]]],[[[0,0],[1,0],[0,0],[0,0]],[[0,0],[0,0],[0,0],[0,0]],[[0,0],[0,0],[0,0],[0,0]],[[0,0],[0,0],[0,0],[0,0]]],[[[0,0],[0,0],[0,0],[0,0]],[[0,0],[0,0],[0,0],[0,0]],[[0,0],[0,0],[0,0],[0,0]],[[0,0],[0,0],[0,0],[0,0]]],[[[0,0],[0,0],[0,0],[0,0]],[[0,0],[0,0],[0,0],[0,0]],[[0,0],[0,0],[0,0],[0,0]],[[0,0],[0,0],[0,0],[0,0]]]],"DCS":[[[0,0],[0,0],[0,0],[0,0]],[[0,0],[0,0],[0,0],[0,0]],[[0,0],[0,0],[0,0],[0,0]],[[0,0],[0,0],[0,0],[0,0]],[[0,0],[0,0],[0,0],[0,0]],[[0,0],[0,0],[0,0],[0,0]]],"GuessS":[[0,0,0,0],[0,0,0,0],[0,0,0,0],[0,0,0,0],[0,0,0,0],[0,0,0,0]]}}]