[{"Rounds":5,"fRounds":4,"bRounds":1,"Startr":0,"objective":4,"Af":[[[[[1,1],[1,1]],[[1,1],[1,1]],[[1,1],[1,1]],[[1,1],[1,0]]],[[[1,1],[1,1]],[[1,1],[1,1]],[[1,1],[1,0]],[[1,1],[1,1]]],[[[1,1],[1,1]],[[1,1],[1,1]],[[1,1],[1,1]],[[1,1],[1,1]]],[[[1,1],[1,0]],[[0,1],[1,1]],[[1,1],[1,0]],[[0,1],[1,1]]]],[[[[0,1],[1,0]],[[0,1],[1,1]],[[0,1],[1,0]],[[1,1],[1,0]]],[[[1,1],[1,0]],[[1,1],[1,0]],[[0,1],[1,0]],[[0,1],[1,0]]],[[[0,1],[1,1]],[[1,1],[1,0]],[[0,1],[1,1]],[[0,1],[1,0]]],[[[1,1],[1,0]],[[1,1],[1,0]],[[1,1],[1,0]],[[0,1],[1,0]]]],[[[[0,0],[0,0]],[[0,0],[0,0]],[[0,0],[0,0]],[[0,0],[0,0]]],[[[1,1],[1,0]],[[0,1],[1,0]],[[0,1],[1,1]],[[0,1],[1,0]]],[[[0,0],[0,0]],[[0,0],[0,0]],[[0,0],[0,0]],[[0,0],[0,0]]],[[[0,0],[0,0]],[[0,0],[0,0]],[[0,0],[0,0]],[[0,0],[0,0]]]],[[[[0,0],[0,0]],[[0,0],[0,0]],[[0,0],[0,0]],[[0,0],[0,0]]],[[[1,1],[1,0]],[[0,0],[0,0]],[[0,0],[0,0]],[[0,0],[0,0]]],[[[0,0],[0,0]],[[0,0],[0,0]],[[0,0],[0,0]],[[0,0],[0,0]]],[[[0,0],[0,0]],[[0,0],[0,0]],[[0,1],[1,1]],[[0,0],[0,0]]]]],"SBf":[[[[[1,1],[1,1]],[[1,1],[1,1]],[[1,1],[1,1]],[[0,1],[1,1]]],[[[1,1],[1,1]],[[1,1],[1,1]],[[1,1],[1,0]],[[1,1],[1,0]]],[[[1,1],[1,1]],[[0,1],[1,1]],[[1,1],[1,1]],[[1,1],[1,1]]],[[[1,1],[1,0]],[[1,1],[1,1]],[[1,1],[1,0]],[[1,1],[1,1]]]],[[[[0,0],[0,0]],[[1,1],[1,0]],[[0,1],[1,1]],[[0,0],[0,0]]],[[[1,1],[1,0]],[[1,1],[1,0]],[[1,1],[1,0]],[[1,1],[1,0]]],[[[0,1],[1,1]],[[1,1],[1,0]],[[0,0],[0,0]],[[0,0],[0,0]]],[[[1,1],[1,0]],[[0,1],[1,1]],[[0,0],[0,0]],[[0,0],[0,0]]]],[[[[0,0],[0,0]],[[0,0],[0,0]],[[0,0],[0,0]],[[0,0],[0,0]]],[[[1,1],[1,0]],[[0,0],[0,0]],[[0,0],[0,0]],[[0,0],[0,0]]],[[[0,0],[0,0]],[[0,0],[0,0]],[[0,0],[0,0]],[[0,0],[0,0]]],[[[0,0],[0,0]],[[0,0],[0,0]],[[0,1],[1,1]],[[0,0],[0,0]]]],[[[[0,0],[0,0]],[[0,0],[0,0]],[[0,0],[0,0]],[[0,0],[0,0]]],[[[1,1],[1,0]],[[0,0],[0,0]],[[0,1],[1,1]],[[0,0],[0,0]]],[[[0,0],[0,0]],[[0,0],[0,0]],[[0,0],[0,0]],[[0,0],[0,0]]],[[[0,0],[0,0]],[[0,0],[0,0]],[[0,0],[0,0]],[[0,0],[0,0]]]]],"MCf":[[[[[0,1],[1,1]],[[0,1],[1,1]],[[0,1],[1,1]],[[0,1],[1,1]]],[[[1,1],[1,0]],[[1,1],[1,0]],[[1,1],[1,0]],[[1,1],[1,0]]],[[[0,1],[1,1]],[[0,1],[1,1]],[[0,1],[1,1]],[[0,1],[1,1]]],[[[1,1],[1,0]],[[1,1],[1,0]],[[1,1],[1,0]],[[1,1],[1,0]]]],[[[[0,0],[0,0]],[[0,0],[0,0]],[[0,0],[0,0]],[[0,0],[0,0]]],[[[1,1],[1,0]],[[1,1],[1,0]],[[1,1],[1,0]],[[1,1],[1,0]]],[[[0,0],[0,0]],[[0,0],[0,0]],[[0,0],[0,0]],[[0,0],[0,0]]],[[[0,0],[0,0]],[[0,0],[0,0]],[[0,0],[0,0]],[[0,0],[0,0]]]],[[[[0,0],[0,0]],[[0,0],[0,0]],[[0,0],[0,0]],[[0,0],[0,0]]],[[[0,0],[0,0]],[[0,0],[0,0]],[[0,0],[0,0]],[[0,0],[0,0]]],[[[0,0],[0,0]],[[0,0],[0,0]],[[0,0],[0,0]],[[0,0],[0,0]]],[[[0,0],[0,0]],[[0,0],[0,0]],[[0,0],[0,0]],[[0,0],[0,0]]]],[[[[0,0],[0,0]],[[0,0],[0,0]],[[0,0],[0,0]],[[0,0],[0,0]]],[[[0,1],[1,0]],[[0,1],[1,0]],[[0,1],[1,0]],[[0,1],[1,0]]],[[[0,0],[0,0]],[[0,0],[0,0]],[[0,0],[0,0]],[[0,0],[0,0]]],[[[0,0],[0,0]],[[0,0],[0,0]],[[0,0],[0,0]],[[0,0],[0,0]]]]],"DCf":[[[[0,0],[0,0],[0,0],[0,0]],[[0,0],[0,0],[0,0],[0,0]],[[0,0],[0,0],[0,0],[0,0]],[[0,0],[0,0],[0,0],[0,0]]],[[[0,0],[0,0],[0,0],[0,0]],[[0,0],[0,0],[0,0],[0,0]],[[0,0],[0,0],[0,0],[0,0]],[[0,0],[0,0],[0,0],[0,0]]],[[[0,0],[0,0],[0,0],[0,0]],[[0,0],[0,0],[0,0],[0,0]],[[0,0],[0,0],[0,0],[0,0]],[[0,0],[0,0],[0,0],[0,0]]],[[[0,0],[0,0],[0,0],[0,0]],[[0,0],[0,0],[0,0],[0,0]],[[0,0],[0,0],[0,0],[0,0]],[[0,0],[0,0],[0,0],[0,0]]]],"DCfAK":[[[[0,0],[0,0],[0,0],[1,0]],[[0,0],[0,0],[0,0],[0,0]],[[0,0],[1,0],[0,0],[0,0]],[[0,0],[0,0],[0,0],[0,0]]],[[[0,0],[0,0],[0,0],[0,0]],[[0,0],[0,0],[0,1],[0,0]],[[0,0],[0,0],[0,0],[0,0]],[[0,0],[0,0],[0,0],[0,0]]],[[[0,0],[0,0],[0,0],[0,0]],[[0,0],[0,0],[0,0],[0,0]],[[0,0],[0,0],[0,0],[0,0]],[[0,0],[0,0],[0,0],[0,0]]],[[[0,0],[0,0],[0,0],[0,0]],[[0,0],[0,0],[0,0],[0,0]],[[0,0],[0,0],[0,0],[0,0]],[[0,0],[0,0],[0,0],[0,0]]]],"Ab":[[[[[0,0],[0,0]],[[0,0],[0,0]],[[0,0],[0,0]],[[0,0],[0,0]]],[[[0,1],[1,1]],[[0,1],[1,1]],[[0,1],[1,1]],[[0,1],[1,1]]],[[[0,0],[0,0]],[[0,0],[0,0]],[[0,0],[0,0]],[[0,0],[0,0]]],[[[0,0],[0,0]],[[0,0],[0,0]],[[0,0],[0,0]],[[0,0],[0,0]]]]],"SBb":[[[[[0,1],[1,0]],[[0,1],[1,1]],[[0,1],[1,0]],[[0,1],[1,0]]],[[[0,1],[1,1]],[[0,1],[1,0]],[[0,1],[1,0]],[[0,1],[1,0]]],[[[0,1],[1,0]],[[0,1],[1,0]],[[0,1],[1,0]],[[0,1],[1,1]]],[[[0,1],[1,0]],[[0,1],[1,0]],[[0,1],[1,1]],[[0,1],[1,0]]]]],"MCb":[[[[[0,1],[1,0]],[[0,1],[1,0]],[[0,1],[1,0]],[[0,1],[1,0]]],[[[1,1],[1,0]],[[0,1],[1,0]],[[1,1],[1,0]],[[0,1],[1,0]]],[[[1,1],[1,0]],[[0,1],[1,0]],[[0,1],[1,0]],[[1,1],[1,0]]],[[[1,1],[1,0]],[[0,1],[1,1]],[[1,1],[1,0]],[[0,1],[1,0]]]]],"DCb":[[[[0,0],[0,1],[0,0],[0,0]],[[0,1],[0,0],[0,0],[0,0]],[[0,0],[0,0],[0,0],[0,1]],[[0,0],[0,0],[0,1],[0,0]]]],"DCbAK":null,"dom":[[0,0,0,0],[1,1,0,0],[0,0,0,0],[0,0,0,0]],"obj":[4,4,4],"Key":{"RK":[[[[[0,1],[1,0]],[[0,1],[1,0]],[[0,1],[1,0]],[[0,1],[1,0]]],[[[1,1],[1,0]],[[0,1],[1,0]],[[1,1],[1,0]],[[0,1],[1,0]]],[[[0,1],[1,0]],[[1,1],[1,0]],[[1,1],[1,0]],[[0,1],[1,1]]],[[[1,1],[1,0]],[[1,1],[1,0]],[[1,1],[1,1]],[[0,1],[1,1]]]],[[[[0,1],[1,0]],[[0,1],[1,0]],[[0,1],[1,0]],[[0,1],[1,0]]],[[[0,1],[1,0]],[[1,1],[1,0]],[[0,1],[1,0]],[[0,1],[1,0]]],[[[1,1],[1,0]],[[1,1],[1,0]],[[0,1],[1,1]],[[0,1],[1,0]]],[[[1,1],[1,0]],[[1,1],[1,0]],[[0,1],[1,1]],[[1,1],[1,0]]]],[[[[0,1],[1,0]],[[0,1],[1,0]],[[0,1],[1,0]],[[0,1],[1,0]]],[[[1,1],[1,0]],[[0,1],[1,0]],[[1,1],[1,0]],[[0,1],[1,0]]],[[[1,1],[1,0]],[[0,1],[1,0]],[[0,1],[1,0]],[[1,1],[1,0]]],[[[1,1],[1,1]],[[0,1],[1,1]],[[1,1],[1,0]],[[1,1],[1,0]]]],[[[[1,1],[1,0]],[[0,1],[1,1]],[[0,1],[1,0]],[[0,1],[1,0]]],[[[1,1],[1,0]],[[1,1],[1,0]],[[0,1],[1,0]],[[0,1],[1,0]]],[[[1,1],[1,1]],[[0,1],[1,0]],[[1,1],[1,1]],[[0,1],[1,0]]],[[[1,1],[1,1]],[[1,1],[1,0]],[[1,1],[1,0]],[[0,1],[1,1]]]],[[[[1,1],[1,0]],[[0,1],[1,0]],[[0,1],[1,0]],[[0,1],[1,0]]],[[[1,1],[1,0]],[[0,1],[1,0]],[[0,1],[1,0]],[[0,1],[1,0]]],[[[1,1],[1,0]],[[1,1],[1,0]],[[0,1],[1,0]],[[0,1],[1,1]]],[[[1,1],[1,0]],[[1,1],[1,0]],[[0,1],[1,1]],[[0,1],[1,1]]]],[[[[1,1],[1,0]],[[0,1],[1,0]],[[0,1],[1,0]],[[0,1],[1,0]]],[[[1,1],[1,0]],[[0,1],[1,0]],[[0,1],[1,0]],[[0,1],[1,0]]],[[[1,1],[1,0]],[[0,1],[1,0]],[[0,1],[1,1]],[[0,1],[1,0]]],[[[1,1],[1,0]],[[0,1],[1,0]],[[0,1],[1,1]],[[1,1],[1,0]]]]],"S":[[[[[0,1],[1,1]],[[0,1],[1,1]],[[0,1],[1,1]],[[0,1],[1,1]]],[[[1,1],[1,1]],[[1,1],[1,0]],[[1,1],[1,0]],[[0,1],[1,1]]],[[[1,1],[1,0]],[[1,1],[1,0]],[[1,1],[1,0]],[[1,1],[1,0]]],[[[1,1],[1,0]],[[1,1],[1,0]],[[1,1],[1,0]],[[1,1],[1,0]]]],[[[[1,1],[1,0]],[[1,1],[1,0]],[[1,1],[1,0]],[[1,1],[1,0]]],[[[0,1],[1,1]],[[0,1],[1,1]],[[0,1],[1,1]],[[0,1],[1,1]]],[[[1,1],[1,0]],[[1,1],[1,0]],[[0,1],[1,1]],[[1,1],[1,1]]],[[[1,1],[1,0]],[[1,1],[1,0]],[[1,1],[1,0]],[[1,1],[1,0]]]],[[[[1,1],[1,0]],[[1,1],[1,0]],[[1,1],[1,0]],[[1,1],[1,0]]],[[[1,1],[1,0]],[[1,1],[1,0]],[[1,1],[1,0]],[[1,1],[1,0]]],[[[0,1],[1,1]],[[0,1],[1,1]],[[0,1],[1,1]],[[0,1],[1,1]]],[[[1,1],[1,1]],[[0,1],[1,1]],[[1,1],[1,1]],[[1,1],[1,0]]]],[[[[0,1],[1,1]],[[1,1],[1,1]],[[1,1],[1,0]],[[1,1],[1,1]]],[[[1,1],[1,0]],[[1,1],[1,0]],[[1,1],[1,0]],[[1,1],[1,0]]],[[[1,1],[1,0]],[[1,1],[1,0]],[[1,1],[1,0]],[[1,1],[1,0]]],[[[1,1],[1,1]],[[0,1],[1,1]],[[0,1],[1,1]],[[0,1],[1,1]]]],[[[[0,1],[1,1]],[[0,1],[1,1]],[[0,1],[1,1]],[[1,1],[1,1]]],[[[0,1],[1,1]],[[1,1],[1,0]],[[1,1],[1,1]],[[0,1],[1,1]]],[[[1,1],[1,0]],[[1,1],[1,0]],[[1,1],[1,0]],[[1,1],[1,0]]],[[[1,1],[1,0]],[[1,1],[1,0]],[[1,1],[1,0]],[[1,1],[1,0]]]],[[[[1,1],[1,0]],[[1,1],[1,0]],[[1,1],[1,0]],[[1,1],[1,0]]],[[[0,1],[1,1]],[[0,1],[1,1]],[[1,1],[1,1]],[[0,1],[1,1]]],[[[0,1],[1,0]],[[1,1],[1,1]],[[0,1],[1,1]],[[0,1],[1,1]]],[[[1,1],[1,0]],[[1,1],[1,0]],[[1,1],[1,0]],[[1,1],[1,0]]]]],"DCK":[[[[0,0],[0,0],[0,0],[0,0]],[[0,0],[0,0],[0,0],[0,0]],[[0,0],[0,0],[0,0],[0,0]],[[0,0],[0,0],[0,0],[0,0]]],[[[0,0],[0,0],[0,0],[0,0]],[[0,0],[0,0],[0,0],[0,0]],[[0,0],[0,0],[0,0],[0,0]],[[0,0],[0,0],[0,0],[0,0]]],[[[0,0],[0,0],[0,0],[0,0]],[[0,0],[0,0],[0,0],[0,0]],[[0,0],[0,0],[0,0],[0,0]],[[0,0],[0,0],[0,0],[0,0]]],[[[0,0],[0,1],[0,0],[0,0]],[[0,0],[0,0],[0,0],[0,0]],[[0,0],[0,0],[0,1],[0,0]],[[0,0],[0,0],[0,0],[0,0]]],[[[0,0],[0,0],[0,0],[0,0]],[[0,0],[0,0],[0,0],[0,0]],[[0,0],[0,0],[0,0],[0,0]],[[0,0],[0,0],[0,0],[0,0]]],[[[0,0],[0,0],[0,0],[0,0]],[[0,0],[0,0],[0,0],[0,0]],[[0,0],[0,0],[0,0],[0,0]],[[0,0],[0,0],[0,0],[0,0]]]],"DCS":[[[0,0],[0,0],[0,0],[0,0]],[[0,0],[0,0],[0,0],[0,0]],[[0,0],[0,0],[0,0],[0,1]],[[0,0],[0,0],[0,0],[1,0]],[[0,0],[0,0],[0,0],[0,0]],[[0,0],[0,0],[0,0],[0,0]]],"GuessS":[[0,0,0,0],[0,0,0,0],[0,0,0,0],[0,0,0,0],[0,0,0,0],[0,0,0,0]]}},{"Rounds":5,"fRounds":4,"bRounds":1,"Startr":0,"objective":2,"Af":[[[[[0,1],[1,1]],[[1,1],[1,1]],[[1,1],[1,1]],[[1,1],[1,0]]],[[[1,1],[1,1]],[[1,1],[1,1]],[[1,1],[1,1]],[[0,1],[1,1]]],[[[1,1],[1,1]],[[1,1],[1,1]],[[1,1],[1,1]],[[1,1],[1,1]]],[[[1,1],[1,1]],[[1,1],[1,1]],[[1,1],[1,1]],[[1,1],[1,1]]]],[[[[1,1],[1,0]],[[1,1],[1,0]],[[0,1],[1,0]],[[1,1],[1,0]]],[[[0,1],[1,1]],[[0,1],[1,0]],[[0,1],[1,0]],[[0,1],[1,0]]],[[[0,1],[1,1]],[[1,1],[1,0]],[[0,1],[1,0]],[[0,1],[1,0]]],[[[0,1],[1,1]],[[1,1],[1,0]],[[1,1],[1,0]],[[0,1],[1,1]]]],[[[[0,0],[0,0]],[[0,0],[0,0]],[[0,0],[0,0]],[[0,0],[0,0]]],[[[0,1],[1,0]],[[0,1],[1,0]],[[0,1],[1,0]],[[0,1],[1,1]]],[[[0,0],[0,0]],[[0,0],[0,0]],[[0,0],[0,0]],[[0,0],[0,0]]],[[[0,0],[0,0]],[[0,0],[0,0]],[[0,0],[0,0]],[[0,0],[0,0]]]],[[[[0,0],[0,0]],[[0,0],[0,0]],[[0,0],[0,0]],[[0,0],[0,0]]],[[[0,0],[0,0]],[[0,0],[0,0]],[[0,0],[0,0]],[[0,0],[0,0]]],[[[0,0],[0,0]],[[0,0],[0,0]],[[0,0],[0,0]],[[1,1],[1,0]]],[[[0,0],[0,0]],[[0,0],[0,0]],[[0,0],[0,0]],[[0,0],[0,0]]]]],"SBf":[[[[[0,1],[1,1]],[[1,1],[1,1]],[[1,1],[1,1]],[[1,1],[1,1]]],[[[1,1],[1,1]],[[1,1],[1,1]],[[1,1],[1,1]],[[1,1],[1,0]]],[[[1,1],[1,1]],[[1,1],[1,1]],[[1,1],[1,1]],[[0,1],[1,1]]],[[[1,1],[1,1]],[[1,1],[1,1]],[[1,1],[1,1]],[[1,1],[1,1]]]],[[[[1,1],[1,0]],[[0,0],[0,0]],[[0,0],[0,0]],[[0,1],[1,1]]],[[[0,1],[1,1]],[[1,1],[1,0]],[[1,1],[1,0]],[[1,1],[1,0]]],[[[0,1],[1,1]],[[1,1],[1,0]],[[0,0],[0,0]],[[0,0],[0,0]]],[[[0,1],[1,1]],[[1,1],[1,0]],[[0,0],[0,0]],[[0,0],[0,0]]]],[[[[0,0],[0,0]],[[0,0],[0,0]],[[0,0],[0,0]],[[0,0],[0,0]]],[[[0,0],[0,0]],[[0,0],[0,0]],[[0,0],[0,0]],[[0,0],[0,0]]],[[[0,0],[0,0]],[[0,0],[0,0]],[[0,0],[0,0]],[[0,1],[1,1]]],[[[0,0],[0,0]],[[0,0],[0,0]],[[0,0],[0,0]],[[0,0],[0,0]]]],[[[[0,0],[0,0]],[[0,0],[0,0]],[[0,0],[0,0]],[[0,0],[0,0]]],[[[0,0],[0,0]],[[0,0],[0,0]],[[0,0],[0,0]],[[0,0],[0,0]]],[[[0,0],[0,0]],[[0,0],[0,0]],[[0,0],[0,0]],[[0,0],[0,0]]],[[[0,0],[0,0]],[[0,0],[0,0]],[[0,0],[0,0]],[[1,1],[1,0]]]]],"MCf":[[[[[0,1],[1,1]],[[0,1],[1,1]],[[0,1],[1,1]],[[0,1],[1,1]]],[[[1,1],[1,0]],[[1,1],[1,0]],[[1,1],[1,0]],[[1,1],[1,0]]],[[[0,1],[1,1]],[[0,1],[1,1]],[[0,1],[1,1]],[[0,1],[1,1]]],[[[1,1],[1,1]],[[1,1],[1,1]],[[1,1],[1,1]],[[1,1],[1,1]]]],[[[[0,0],[0,0]],[[0,0],[0,0]],[[0,0],[0,0]],[[0,0],[0,0]]],[[[0,1],[1,0]],[[0,1],[1,0]],[[0,1],[1,0]],[[0,1],[1,0]]],[[[0,0],[0,0]],[[0,0],[0,0]],[[0,0],[0,0]],[[0,0],[0,0]]],[[[0,0],[0,0]],[[0,0],[0,0]],[[0,0],[0,0]],[[0,0],[0,0]]]],[[[[0,0],[0,0]],[[0,0],[0,0]],[[0,0],[0,0]],[[0,0],[0,0]]],[[[0,0],[0,0]],[[0,0],[0,0]],[[0,0],[0,0]],[[0,0],[0,0]]],[[[0,0],[0,0]],[[0,0],[0,0]],[[0,0],[0,0]],[[0,0],[0,0]]],[[[0,0],[0,0]],[[0,0],[0,0]],[[0,0],[0,0]],[[0,0],[0,0]]]],[[[[0,0],[0,0]],[[0,0],[0,0]],[[0,0],[0,0]],[[0,0],[0,0]]],[[[0,0],[0,0]],[[0,0],[0,0]],[[0,0],[0,0]],[[0,0],[0,0]]],[[[0,0],[0,0]],[[0,0],[0,0]],[[0,0],[0,0]],[[0,0],[0,0]]],[[[0,1],[1,0]],[[0,1],[1,1]],[[0,1],[1,1]],[[0,1],[1,0]]]]],"DCf":[[[[0,0],[0,0],[0,0],[0,0]],[[0,0],[0,0],[0,0],[0,0]],[[0,0],[0,0],[0,0],[0,0]],[[0,0],[0,0],[0,0],[0,0]]],[[[0,0],[0,0],[0,0],[0,0]],[[0,0],[0,0],[0,0],[0,0]],[[0,0],[0,0],[0,0],[0,0]],[[0,0],[0,0],[0,0],[0,0]]],[[[0,0],[0,0],[0,0],[0,0]],[[0,0],[0,0],[0,0],[0,0]],[[0,0],[0,0],[0,0],[0,0]],[[0,0],[0,0],[0,0],[0,0]]],[[[0,0],[0,0],[0,0],[0,0]],[[0,0],[0,0],[0,0],[0,0]],[[0,0],[0,0],[0,0],[0,0]],[[0,0],[0,0],[0,0],[0,0]]]],"DCfAK":[[[[1,0],[1,0],[0,0],[1,0]],[[0,1],[0,0],[0,0],[0,0]],[[0,0],[1,0],[0,0],[0,0]],[[0,0],[0,0],[0,0],[0,0]]],[[[0,0],[0,0],[0,0],[0,0]],[[0,0],[0,0],[0,0],[0,1]],[[0,0],[0,0],[0,0],[0,0]],[[0,0],[0,0],[0,0],[0,0]]],[[[0,0],[0,0],[0,0],[0,0]],[[0,0],[0,0],[0,0],[0,0]],[[0,0],[0,0],[0,0],[1,0]],[[0,0],[0,0],[0,0],[0,0]]],[[[0,0],[0,0],[0,0],[0,0]],[[0,0],[0,0],[0,0],[0,0]],[[0,0],[0,0],[0,0],[0,0]],[[0,0],[0,0],[0,0],[0,0]]]],"Ab":[[[[[0,0],[0,0]],[[0,0],[0,0]],[[0,0],[0,0]],[[0,0],[0,0]]],[[[0,0],[0,0]],[[0,0],[0,0]],[[0,0],[0,0]],[[0,0],[0,0]]],[[[0,0],[0,0]],[[0,0],[0,0]],[[0,0],[0,0]],[[0,0],[0,0]]],[[[0,1],[1,1]],[[0,1],[1,1]],[[0,1],[1,1]],[[0,1],[1,1]]]]],"SBb":[[[[[0,1],[1,0]],[[0,1],[1,0]],[[0,1],[1,0]],[[0,1],[1,1]]],[[[0,1],[1,0]],[[0,1],[1,0]],[[0,1],[1,1]],[[0,1],[1,0]]],[[[0,1],[1,0]],[[0,1],[1,1]],[[0,1],[1,0]],[[0,1],[1,0]]],[[[0,1],[1,1]],[[0,1],[1,0]],[[0,1],[1,0]],[[0,1],[1,0]]]]],"MCb":[[[[[0,1],[1,0]],[[0,1],[1,0]],[[0,1],[1,0]],[[0,1],[1,0]]],[[[0,1],[1,0]],[[0,1],[1,0]],[[0,1],[1,0]],[[0,1],[1,0]]],[[[0,1],[1,0]],[[0,1],[1,1]],[[0,1],[1,0]],[[1,1],[1,0]]],[[[0,1],[1,1]],[[0,1],[1,1]],[[1,1],[1,0]],[[1,1],[1,0]]]]],"DCb":[[[[0,0],[0,0],[0,0],[0,1]],[[0,0],[0,0],[0,1],[0,0]],[[0,0],[0,1],[0,0],[0,0]],[[0,1],[0,0],[0,0],[0,0]]]],"DCbAK":null,"dom":[[0,0,0,0],[0,0,0,0],[0,0,0,0],[1,0,0,0]],"obj":[6,4,2],"Key":{"RK":[[[[[0,1],[1,0]],[[0,1],[1,0]],[[0,1],[1,0]],[[0,1],[1,0]]],[[[0,1],[1,0]],[[0,1],[1,0]],[[0,1],[1,0]],[[0,1],[1,0]]],[[[0,1],[1,0]],[[1,1],[1,0]],[[0,1],[1,0]],[[0,1],[1,1]]],[[[1,1],[1,0]],[[1,1],[1,0]],[[0,1],[1,1]],[[0,1],[1,1]]]],[[[[0,1],[1,0]],[[0,1],[1,0]],[[0,1],[1,0]],[[0,1],[1,0]]],[[[0,1],[1,0]],[[0,1],[1,0]],[[0,1],[1,0]],[[0,1],[1,0]]],[[[1,1],[1,0]],[[0,1],[1,0]],[[0,1],[1,1]],[[0,1],[1,0]]],[[[1,1],[1,0]],[[0,1],[1,1]],[[0,1],[1,1]],[[1,1],[1,0]]]],[[[[0,1],[1,0]],[[0,1],[1,0]],[[0,1],[1,0]],[[0,1],[1,0]]],[[[0,1],[1,0]],[[0,1],[1,0]],[[0,1],[1,0]],[[0,1],[1,0]]],[[[0,1],[1,0]],[[0,1],[1,1]],[[0,1],[1,0]],[[1,1],[1,0]]],[[[0,1],[1,1]],[[0,1],[1,1]],[[1,1],[1,0]],[[1,1],[1,0]]]],[[[[0,1],[1,0]],[[0,1],[1,0]],[[0,1],[1,0]],[[0,1],[1,0]]],[[[0,1],[1,0]],[[0,1],[1,0]],[[0,1],[1,0]],[[0,1],[1,0]]],[[[0,1],[1,1]],[[0,1],[1,0]],[[1,1],[1,0]],[[0,1],[1,0]]],[[[0,1],[1,1]],[[1,1],[1,0]],[[1,1],[1,0]],[[0,1],[1,1]]]],[[[[0,1],[1,0]],[[0,1],[1,0]],[[0,1],[1,0]],[[0,1],[1,0]]],[[[0,1],[1,0]],[[0,1],[1,0]],[[0,1],[1,0]],[[0,1],[1,0]]],[[[0,1],[1,0]],[[1,1],[1,0]],[[0,1],[1,0]],[[0,1],[1,1]]],[[[1,1],[1,0]],[[1,1],[1,0]],[[0,1],[1,1]],[[0,1],[1,1]]]],[[[[0,1],[1,0]],[[0,1],[1,0]],[[0,1],[1,0]],[[0,1],[1,0]]],[[[0,1],[1,0]],[[0,1],[1,0]],[[0,1],[1,0]],[[0,1],[1,0]]],[[[1,1],[1,0]],[[0,1],[1,0]],[[0,1],[1,1]],[[0,1],[1,0]]],[[[1,1],[1,0]],[[0,1],[1,1]],[[0,1],[1,1]],[[1,1],[1,0]]]]],"S":[[[[[0,1],[1,1]],[[0,1],[1,1]],[[0,1],[1,1]],[[0,1],[1,1]]],[[[0,1],[1,1]],[[0,1],[1,1]],[[0,1],[1,1]],[[0,1],[1,1]]],[[[1,1],[1,0]],[[1,1],[1,0]],[[1,1],[1,0]],[[1,1],[1,0]]],[[[1,1],[1,0]],[[1,1],[1,0]],[[1,1],[1,0]],[[1,1],[1,0]]]],[[[[1,1],[1,0]],[[1,1],[1,0]],[[1,1],[1,0]],[[1,1],[1,0]]],[[[0,1],[1,1]],[[0,1],[1,1]],[[0,1],[1,1]],[[0,1],[1,1]]],[[[0,1],[1,1]],[[0,1],[1,1]],[[0,1],[1,1]],[[0,1],[1,1]]],[[[1,1],[1,0]],[[1,1],[1,0]],[[1,1],[1,0]],[[1,1],[1,0]]]],[[[[1,1],[1,0]],[[1,1],[1,0]],[[1,1],[1,0]],[[1,1],[1,0]]],[[[1,1],[1,0]],[[1,1],[1,0]],[[1,1],[1,0]],[[1,1],[1,0]]],[[[0,1],[1,1]],[[0,1],[1,1]],[[0,1],[1,1]],[[0,1],[1,1]]],[[[0,1],[1,1]],[[0,1],[1,1]],[[0,1],[1,1]],[[0,1],[1,1]]]],[[[[0,1],[1,1]],[[0,1],[1,1]],[[0,1],[1,1]],[[0,1],[1,1]]],[[[1,1],[1,0]],[[1,1],[1,0]],[[1,1],[1,0]],[[1,1],[1,0]]],[[[1,1],[1,0]],[[1,1],[1,0]],[[1,1],[1,0]],[[1,1],[1,0]]],[[[0,1],[1,1]],[[0,1],[1,1]],[[0,1],[1,1]],[[0,1],[1,1]]]],[[[[0,1],[1,1]],[[0,1],[1,1]],[[0,1],[1,1]],[[0,1],[1,1]]],[[[0,1],[1,1]],[[0,1],[1,1]],[[0,1],[1,1]],[[0,1],[1,1]]],[[[1,1],[1,0]],[[1,1],[1,0]],[[1,1],[1,0]],[[1,1],[1,0]]],[[[1,1],[1,0]],[[1,1],[1,0]],[[1,1],[1,0]],[[1,1],[1,0]]]],[[[[1,1],[1,0]],[[1,1],[1,0]],[[1,1],[1,0]],[[1,1],[1,0]]],[[[0,1],[1,1]],[[0,1],[1,1]],[[0,1],[1,1]],[[0,1],[1,1]]],[[[0,1],[1,1]],[[0,1],[1,1]],[[0,1],[1,1]],[[0,1],[1,1]]],[[[1,1],[1,0]],[[1,1],[1,0]],[[1,1],[1,0]],[[1,1],[1,0]]]]],"DCK":[[[[0,0],[0,0],[0,0],[0,0]],[[0,0],[0,0],[0,0],[0,0]],[[0,0],[0,0],[0,0],[0,0]],[[0,0],[0,0],[0,0],[0,0]]],[[[0,0],[0,0],[0,0],[0,0]],[[0,0],[0,0],[0,0],[0,0]],[[0,0],[0,0],[0,0],[0,0]],[[0,0],[0,0],[0,0],[0,0]]],[[[0,0],[0,0],[0,0],[0,0]],[[0,0],[0,0],[0,0],[0,0]],[[0,0],[0,0],[0,0],[0,0]],[[0,0],[0,0],[0,0],[0,0]]],[[[0,0],[0,0],[0,0],[0,0]],[[0,0],[0,0],[0,0],[0,0]],[[0,0],[0,0],[0,0],[0,0]],[[0,0],[0,0],[0,0],[0,0]]],[[[0,0],[0,0],[0,0],[0,0]],[[0,0],[0,0],[0,0],[0,0]],[[0,0],[0,0],[0,0],[0,0]],[[0,0],[0,0],[0,0],[0,0]]],[[[0,0],[0,0],[0,0],[0,0]],[[0,0],[0,0],[0,0],[0,0]],[[0,0],[0,0],[0,0],[0,0]],[[0,0],[0,0],[0,0],[0,0]]]],"DCS":[[[0,0],[0,0],[0,0],[0,0]],[[0,0],[0,0],[0,0],[0,0]],[[0,0],[0,0],[0,0],[0,0]],[[0,0],[0,0],[0,0],[0,0]],[[0,0],[0,0],[0,0],[0,0]],[[0,0],[0,0],[0,0],[0,0]]],"GuessS":[[0,0,0,0],[0,0,0,0],[0,0,0,0],[0,0,0,0],[0,0,0,0],[0,0,0,0]]}},{"Rounds":5,"fRounds":4,"bRounds":1,"Startr":0,"objective":0,"Af":[[[[[0,1],[1,1]],[[1,1],[1,1]],[[1,1],[1,1]],[[1,1],[1,0]]],[[[1,1],[1,1]],[[0,1],[1,1]],[[1,1],[1,1]],[[0,1],[1,1]]],[[[1,1],[1,1]],[[1,1],[1,1]],[[1,1],[1,1]],[[1,1],[1,0]]],[[[0,1],[1,1]],[[1,1],[1,1]],[[1,1],[1,1]],[[1,1],[1,1]]]],[[[[0,1],[1,0]],[[1,1],[1,0]],[[0,0],[0,0]],[[0,0],[0,0]]],[[[0,1],[1,1]],[[0,1],[1,1]],[[0,0],[0,0]],[[0,1],[1,1]]],[[[0,1],[1,0]],[[1,1],[1,0]],[[0,0],[0,0]],[[0,0],[0,0]]],[[[0,1],[1,1]],[[1,1],[1,0]],[[0,0],[0,0]],[[1,1],[1,0]]]],[[[[0,0],[0,0]],[[0,0],[0,0]],[[0,0],[0,0]],[[0,0],[0,0]]],[[[0,0],[0,0]],[[0,0],[0,0]],[[0,0],[0,0]],[[0,0],[0,0]]],[[[0,0],[0,0]],[[0,0],[0,0]],[[0,0],[0,0]],[[0,0],[0,0]]],[[[0,0],[0,0]],[[0,0],[0,0]],[[0,0],[0,0]],[[0,0],[0,0]]]],[[[[0,0],[0,0]],[[0,0],[0,0]],[[0,0],[0,0]],[[0,0],[0,0]]],[[[0,0],[0,0]],[[0,0],[0,0]],[[0,0],[0,0]],[[0,0],[0,0]]],[[[0,0],[0,0]],[[0,0],[0,0]],[[0,0],[0,0]],[[0,0],[0,0]]],[[[0,0],[0,0]],[[0,0],[0,0]],[[0,0],[0,0]],[[0,0],[0,0]]]]],"SBf":[[[[[0,1],[1,1]],[[0,1],[1,1]],[[1,1],[1,1]],[[1,1],[1,1]]],[[[1,1],[1,1]],[[1,1],[1,1]],[[1,1],[1,1]],[[1,1],[1,0]]],[[[1,1],[1,1]],[[1,1],[1,1]],[[1,1],[1,1]],[[0,1],[1,1]]],[[[0,1],[1,1]],[[1,1],[1,1]],[[1,1],[1,1]],[[1,1],[1,0]]]],[[[[0,0],[0,0]],[[0,1],[1,1]],[[0,0],[0,0]],[[1,1],[1,0]]],[[[0,1],[1,1]],[[1,1],[1,0]],[[0,0],[0,0]],[[0,0],[0,0]]],[[[0,0],[0,0]],[[1,1],[1,0]],[[0,0],[0,0]],[[0,1],[1,1]]],[[[0,1],[1,1]],[[1,1],[1,0]],[[0,0],[0,0]],[[0,0],[0,0]]]],[[[[0,0],[0,0]],[[0,0],[0,0]],[[0,0],[0,0]],[[0,0],[0,0]]],[[[0,0],[0,0]],[[0,0],[0,0]],[[0,0],[0,0]],[[0,0],[0,0]]],[[[0,0],[0,0]],[[0,0],[0,0]],[[0,0],[0,0]],[[0,0],[0,0]]],[[[0,0],[0,0]],[[0,0],[0,0]],[[0,0],[0,0]],[[0,0],[0,0]]]],[[[[0,0],[0,0]],[[0,0],[0,0]],[[0,0],[0,0]],[[0,0],[0,0]]],[[[0,0],[0,0]],[[0,0],[0,0]],[[0,0],[0,0]],[[0,0],[0,0]]],[[[0,0],[0,0]],[[0,0],[0,0]],[[0,0],[0,0]],[[0,0],[0,0]]],[[[0,0],[0,0]],[[0,0],[0,0]],[[0,0],[0,0]],[[0,0],[0,0]]]]],"MCf":[[[[[0,1],[1,1]],[[0,1],[1,1]],[[0,1],[1,1]],[[0,1],[1,1]]],[[[1,1],[1,0]],[[1,1],[1,0]],[[1,1],[1,0]],[[1,1],[1,0]]],[[[0,1],[1,1]],[[0,1],[1,1]],[[0,1],[1,1]],[[0,1],[1,1]]],[[[0,1],[1,0]],[[0,1],[1,0]],[[0,1],[1,0]],[[0,1],[1,0]]]],[[[[0,0],[0,0]],[[0,0],[0,0]],[[0,0],[0,0]],[[0,0],[0,0]]],[[[0,0],[0,0]],[[0,0],[0,0]],[[0,0],[0,0]],[[0,0],[0,0]]],[[[0,0],[0,0]],[[0,0],[0,0]],[[0,0],[0,0]],[[0,0],[0,0]]],[[[0,0],[0,0]],[[0,0],[0,0]],[[0,0],[0,0]],[[0,0],[0,0]]]],[[[[0,0],[0,0]],[[0,0],[0,0]],[[0,0],[0,0]],[[0,0],[0,0]]],[[[0,0],[0,0]],[[0,0],[0,0]],[[0,0],[0,0]],[[0,0],[0,0]]],[[[0,0],[0,0]],[[0,0],[0,0]],[[0,0],[0,0]],[[0,0],[0,0]]],[[[0,0],[0,0]],[[0,0],[0,0]],[[0,0],[0,0]],[[0,0],[0,0]]]],[[[[0,0],[0,0]],[[0,0],[0,0]],[[0,0],[0,0]],[[0,0],[0,0]]],[[[0,0],[0,0]],[[0,0],[0,0]],[[0,0],[0,0]],[[0,0],[0,0]]],[[[0,0],[0,0]],[[0,0],[0,0]],[[0,0],[0,0]],[[0,0],[0,0]]],[[[0,0],[0,0]],[[0,0],[0,0]],[[0,0],[0,0]],[[0,0],[0,0]]]]],"DCf":[[[[0,0],[0,0],[0,0],[0,0]],[[0,0],[0,0],[0,0],[0,0]],[[0,0],[0,0],[0,0],[0,0]],[[0,0],[0,0],[0,0],[0,0]]],[[[0,0],[0,0],[0,0],[0,0]],[[0,0],[0,0],[0,0],[0,0]],[[0,0],[0,0],[0,0],[0,0]],[[0,0],[0,0],[0,0],[0,0]]],[[[0,0],[0,0],[0,0],[0,0]],[[0,0],[0,0],[0,0],[0,0]],[[0,0],[0,0],[0,0],[0,0]],[[0,0],[0,0],[0,0],[0,0]]],[[[0,0],[0,0],[0,0],[0,0]],[[0,0],[0,0],[0,0],[0,0]],[[0,0],[0,0],[0,0],[0,0]],[[0,0],[0,0],[0,0],[0,0]]]],"DCfAK":[[[[0,0],[1,0],[0,0],[0,0]],[[0,1],[0,1],[0,0],[0,1]],[[0,0],[1,0],[0,0],[0,0]],[[0,1],[1,0],[0,0],[1,0]]],[[[0,0],[0,0],[0,0],[0,0]],[[0,0],[0,0],[0,0],[0,0]],[[0,0],[0,0],[0,0],[0,0]],[[0,0],[0,0],[0,0],[0,0]]],[[[0,0],[0,0],[0,0],[0,0]],[[0,0],[0,0],[0,0],[0,0]],[[0,0],[0,0],[0,0],[0,0]],[[0,0],[0,0],[0,0],[0,0]]],[[[0,0],[0,0],[0,0],[0,0]],[[0,0],[0,0],[0,0],[0,0]],[[0,0],[0,0],[0,0],[0,0]],[[0,0],[0,0],[0,0],[0,0]]]],"Ab":[[[[[0,0],[0,0]],[[0,0],[0,0]],[[0,0],[0,0]],[[0,0],[0,0]]],[[[0,0],[0,0]],[[0,0],[0,0]],[[0,0],[0,0]],[[0,0],[0,0]]],[[[0,0],[0,0]],[[0,0],[0,0]],[[0,0],[0,0]],[[0,0],[0,0]]],[[[0,0],[0,0]],[[0,0],[0,0]],[[0,0],[0,0]],[[0,0],[0,0]]]]],"SBb":[[[[[0,0],[0,0]],[[0,0],[0,0]],[[0,0],[0,0]],[[0,0],[0,0]]],[[[0,0],[0,0]],[[0,0],[0,0]],[[0,0],[0,0]],[[0,0],[0,0]]],[[[0,0],[0,0]],[[0,0],[0,0]],[[0,0],[0,0]],[[0,0],[0,0]]],[[[0,0],[0,0]],[[0,0],[0,0]],[[0,0],[0,0]],[[0,0],[0,0]]]]],"MCb":[[[[[0,1],[1,0]],[[0,1],[1,0]],[[0,1],[1,0]],[[0,0],[0,0]]],[[[0,1],[1,0]],[[0,1],[1,0]],[[0,1],[1,0]],[[0,0],[0,0]]],[[[0,1],[1,0]],[[1,1],[1,0]],[[0,1],[1,0]],[[0,0],[0,0]]],[[[0,1],[1,0]],[[1,1],[1,0]],[[0,1],[1,1]],[[0,0],[0,0]]]]],"DCb":[[[[0,0],[0,0],[0,0],[0,0]],[[0,0],[0,0],[0,0],[0,0]],[[0,0],[0,0],[0,0],[0,0]],[[0,0],[0,0],[0,0],[0,0]]]],"DCbAK":null,"dom":[[0,0,0,0],[0,0,0,0],[0,0,0,0],[0,0,0,0]],"obj":[8,8,0],"Key":{"RK":[[[[[0,1],[1,0]],[[0,1],[1,0]],[[0,1],[1,0]],[[0,1],[1,0]]],[[[0,1],[1,0]],[[1,1],[1,0]],[[0,1],[1,0]],[[1,1],[1,0]]],[[[0,1],[1,1]],[[0,1],[1,0]],[[0,1],[1,0]],[[0,1],[1,0]]],[[[0,1],[1,1]],[[1,1],[1,0]],[[1,1],[1,0]],[[1,1],[1,0]]]],[[[[0,1],[1,0]],[[0,1],[1,0]],[[0,1],[1,0]],[[0,1],[1,0]]],[[[0,1],[1,0]],[[0,1],[1,0]],[[0,1],[1,0]],[[0,1],[1,1]]],[[[0,1],[1,0]],[[1,1],[1,0]],[[1,1],[1,0]],[[0,1],[1,0]]],[[[0,1],[1,0]],[[1,1],[1,0]],[[1,1],[1,0]],[[0,1],[1,1]]]],[[[[0,1],[1,0]],[[0,1],[1,0]],[[0,1],[1,0]],[[0,0],[0,0]]],[[[0,1],[1,0]],[[1,1],[1,0]],[[0,1],[1,0]],[[0,0],[0,0]]],[[[0,1],[1,0]],[[1,1],[1,0]],[[0,1],[1,0]],[[0,0],[0,0]]],[[[1,1],[1,0]],[[1,1],[1,0]],[[0,1],[1,1]],[[0,0],[0,0]]]],[[[[0,1],[1,0]],[[0,1],[1,0]],[[0,0],[0,0]],[[0,0],[0,0]]],[[[0,1],[1,0]],[[0,1],[1,0]],[[0,0],[0,0]],[[0,1],[1,0]]],[[[0,1],[1,0]],[[0,1],[1,0]],[[0,0],[0,0]],[[0,0],[0,0]]],[[[0,1],[1,0]],[[0,1],[1,1]],[[0,0],[0,0]],[[0,1],[1,0]]]],[[[[0,1],[1,0]],[[0,0],[0,0]],[[0,0],[0,0]],[[0,0],[0,0]]],[[[0,1],[1,0]],[[0,0],[0,0]],[[0,0],[0,0]],[[0,0],[0,0]]],[[[0,1],[1,0]],[[0,0],[0,0]],[[0,0],[0,0]],[[0,0],[0,0]]],[[[0,1],[1,1]],[[0,0],[0,0]],[[0,0],[0,0]],[[0,0],[0,0]]]],[[[[0,0],[0,0]],[[0,0],[0,0]],[[0,0],[0,0]],[[0,0],[0,0]]],[[[0,0],[0,0]],[[0,0],[0,0]],[[0,0],[0,0]],[[0,1],[1,0]]],[[[0,0],[0,0]],[[0,0],[0,0]],[[0,0],[0,0]],[[0,0],[0,0]]],[[[0,0],[0,0]],[[0,0],[0,0]],[[0,0],[0,0]],[[0,1],[1,1]]]]],"S":[[[[[1,1],[1,0]],[[1,1],[1,0]],[[1,1],[1,0]],[[0,1],[1,1]]],[[[1,1],[1,0]],[[1,1],[1,0]],[[1,1],[1,0]],[[0,1],[1,1]]],[[[1,1],[1,0]],[[0,1],[1,1]],[[1,1],[1,0]],[[0,1],[1,1]]],[[[0,1],[1,1]],[[0,1],[1,1]],[[0,1],[1,1]],[[0,1],[1,1]]]],[[[[0,1],[1,1]],[[0,1],[1,1]],[[0,1],[1,1]],[[0,1],[1,1]]],[[[1,1],[1,0]],[[1,1],[1,0]],[[0,1],[1,1]],[[1,1],[1,0]]],[[[1,1],[1,0]],[[1,1],[1,0]],[[0,1],[1,1]],[[1,1],[1,0]]],[[[0,1],[1,0]],[[1,1],[1,0]],[[0,1],[1,1]],[[1,1],[1,0]]]],[[[[0,0],[0,0]],[[0,1],[1,1]],[[1,1],[1,0]],[[0,1],[1,0]]],[[[0,1],[1,1]],[[0,1],[1,1]],[[0,1],[1,1]],[[0,1],[1,1]]],[[[1,1],[1,0]],[[0,1],[1,1]],[[1,1],[1,0]],[[1,1],[1,0]]],[[[1,1],[1,0]],[[0,1],[1,1]],[[1,1],[1,0]],[[1,1],[1,0]]]],[[[[0,1],[1,0]],[[1,1],[1,0]],[[1,1],[1,0]],[[1,1],[1,0]]],[[[0,0],[0,0]],[[1,1],[1,0]],[[0,1],[1,0]],[[0,0],[0,0]]],[[[0,1],[1,1]],[[0,1],[1,1]],[[0,1],[1,1]],[[0,1],[1,1]]],[[[0,1],[1,0]],[[1,1],[1,0]],[[1,1],[1,0]],[[1,1],[1,0]]]],[[[[0,0],[0,0]],[[1,1],[1,0]],[[1,1],[1,0]],[[0,1],[1,0]]],[[[0,0],[0,0]],[[1,1],[1,0]],[[1,1],[1,0]],[[0,1],[1,0]]],[[[0,0],[0,0]],[[0,1],[1,0]],[[0,0],[0,0]],[[0,0],[0,0]]],[[[0,1],[1,1]],[[0,1],[1,1]],[[0,1],[1,1]],[[0,1],[1,1]]]],[[[[0,1],[1,1]],[[0,1],[1,1]],[[0,1],[1,1]],[[0,1],[1,1]]],[[[0,0],[0,0]],[[1,1],[1,0]],[[0,1],[1,0]],[[0,0],[0,0]]],[[[0,0],[0,0]],[[1,1],[1,0]],[[0,1],[1,0]],[[0,0],[0,0]]],[[[0,0],[0,0]],[[0,0],[0,0]],[[0,0],[0,0]],[[0,0],[0,0]]]]],"DCK":[[[[0,0],[0,0],[0,0],[0,0]],[[0,0],[0,0],[0,0],[0,0]],[[0,0],[0,0],[0,0],[0,0]],[[0,0],[0,0],[0,0],[0,0]]],[[[0,0],[0,0],[0,0],[0,0]],[[0,0],[0,0],[0,0],[0,0]],[[0,0],[0,0],[0,0],[0,0]],[[0,0],[0,0],[0,0],[0,0]]],[[[0,0],[0,0],[0,0],[0,0]],[[0,0],[0,0],[0,0],[0,0]],[[0,0],[0,0],[0,0],[0,0]],[[0,0],[0,0],[0,0],[0,0]]],[[[0,0],[0,0],[0,0],[0,0]],[[0,0],[0,0],[0,0],[0,0]],[[0,0],[0,0],[0,0],[0,0]],[[0,0],[0,0],[0,0],[0,0]]],[[[0,0],[0,0],[0,0],[0,0]],[[0,0],[0,0],[0,0],[0,0]],[[0,0],[0,0],[0,0],[0,0]],[[0,0],[0,0],[0,0],[0,0]]],[[[0,0],[0,0],[0,0],[0,0]],[[0,0],[0,0],[0,0],[0,0]],[[0,0],[0,0],[0,0],[0,0]],[[0,0],[0,0],[0,0],[0,0]]]],"DCS":[[[0,0],[0,0],[0,0],[0,0]],[[0,0],[0,0],[0,0],[0,0]],[[0,0],[0,0],[0,0],[0,0]],[[0,0],[0,0],[0,0],[0,0]],[[0,0],[0,0],[0,0],[0,0]],[[0,0],[0,0],[0,0],[0,0]]],"GuessS":[[0,0,0,0],[0,0,0,0],[0,0,0,0],[0,0,0,0],[0,0,0,0],[0,0,0,0]]}}]