[{"Rounds":5,"fRounds":4,"bRounds":1,"Startr":1,"objective":6,"Af":[[[[[1,1],[1,1]],[[1,1],[1,1]],[[1,1],[1,1]],[[1,1],[1,1]]],[[[1,1],[1,1]],[[1,1],[1,1]],[[0,1],[1,1]],[[1,1],[1,1]]],[[[1,1],[1,1]],[[1,1],[1,1]],[[1,1],[1,1]],[[1,1],[1,1]]],[[[1,1],[1,1]],[[1,1],[1,1]],[[1,1],[1,1]],[[1,1],[1,1]]]],[[[[0,1],[1,1]],[[0,1],[1,1]],[[0,1],[1,0]],[[1,1],[1,0]]],[[[0,1],[1,1]],[[0,1],[1,1]],[[0,1],[1,1]],[[1,1],[1,0]]],[[[0,1],[1,1]],[[0,1],[1,1]],[[0,1],[1,1]],[[1,1],[1,1]]],[[[0,1],[1,1]],[[0,1],[1,1]],[[0,1],[1,1]],[[0,1],[1,1]]]],[[[[0,1],[1,1]],[[0,1],[1,1]],[[0,1],[1,0]],[[0,1],[1,0]]],[[[0,1],[1,0]],[[1,1],[1,0]],[[0,1],[1,0]],[[1,1],[1,0]]],[[[0,0],[0,0]],[[0,0],[0,0]],[[0,0],[0,0]],[[0,0],[0,0]]],[[[0,1],[1,1]],[[0,1],[1,1]],[[0,1],[1,0]],[[0,1],[1,0]]]],[[[[0,1],[1,1]],[[1,1],[1,0]],[[0,0],[0,0]],[[0,0],[0,0]]],[[[0,0],[0,0]],[[0,0],[0,0]],[[0,0],[0,0]],[[0,0],[0,0]]],[[[0,0],[0,0]],[[0,1],[1,0]],[[0,0],[0,0]],[[1,1],[1,0]]],[[[0,1],[1,1]],[[0,1],[1,0]],[[0,0],[0,0]],[[0,0],[0,0]]]]],"SBf":[[[[[1,1],[1,1]],[[1,1],[1,1]],[[1,1],[1,1]],[[1,1],[1,1]]],[[[1,1],[1,1]],[[1,1],[1,1]],[[1,1],[1,1]],[[1,1],[1,1]]],[[[1,1],[1,1]],[[1,1],[1,1]],[[1,1],[1,1]],[[1,1],[1,1]]],[[[1,1],[1,1]],[[1,1],[1,1]],[[0,1],[1,1]],[[1,1],[1,1]]]],[[[[0,1],[1,1]],[[0,1],[1,1]],[[0,1],[1,1]],[[0,1],[1,1]]],[[[0,1],[1,1]],[[0,1],[1,1]],[[0,1],[1,1]],[[1,1],[1,0]]],[[[0,1],[1,1]],[[0,1],[1,1]],[[0,0],[0,0]],[[1,1],[1,0]]],[[[0,1],[1,1]],[[0,1],[1,1]],[[0,1],[1,1]],[[1,1],[1,1]]]],[[[[0,1],[1,1]],[[1,1],[1,0]],[[0,0],[0,0]],[[0,0],[0,0]]],[[[0,0],[0,0]],[[0,0],[0,0]],[[0,0],[0,0]],[[0,0],[0,0]]],[[[0,0],[0,0]],[[0,1],[1,1]],[[0,0],[0,0]],[[1,1],[1,0]]],[[[0,1],[1,1]],[[0,1],[1,1]],[[0,0],[0,0]],[[0,0],[0,0]]]],[[[[0,1],[1,1]],[[0,0],[0,0]],[[0,0],[0,0]],[[0,0],[0,0]]],[[[0,0],[0,0]],[[0,0],[0,0]],[[0,0],[0,0]],[[0,0],[0,0]]],[[[0,0],[0,0]],[[0,0],[0,0]],[[0,0],[0,0]],[[0,0],[0,0]]],[[[0,1],[1,1]],[[1,1],[1,0]],[[0,0],[0,0]],[[1,1],[1,0]]]]],"MCf":[[[[[1,1],[1,1]],[[1,1],[1,1]],[[1,1],[1,1]],[[1,1],[1,1]]],[[[1,1],[1,1]],[[1,1],[1,1]],[[1,1],[1,1]],[[1,1],[1,1]]],[[[1,1],[1,1]],[[1,1],[1,1]],[[1,1],[1,1]],[[1,1],[1,1]]],[[[0,1],[1,1]],[[0,1],[1,1]],[[0,1],[1,1]],[[0,1],[1,1]]]],[[[[0,1],[1,1]],[[0,1],[1,1]],[[0,1],[1,1]],[[0,1],[1,1]]],[[[0,1],[1,0]],[[0,1],[1,0]],[[0,1],[1,0]],[[0,1],[1,0]]],[[[0,0],[0,0]],[[0,0],[0,0]],[[0,0],[0,0]],[[0,0],[0,0]]],[[[0,1],[1,1]],[[0,1],[1,1]],[[0,1],[1,1]],[[0,1],[1,1]]]],[[[[0,0],[0,0]],[[0,0],[0,0]],[[0,0],[0,0]],[[0,0],[0,0]]],[[[0,0],[0,0]],[[0,0],[0,0]],[[0,0],[0,0]],[[0,0],[0,0]]],[[[0,0],[0,0]],[[0,0],[0,0]],[[0,0],[0,0]],[[0,0],[0,0]]],[[[0,0],[0,0]],[[0,0],[0,0]],[[0,0],[0,0]],[[0,0],[0,0]]]],[[[[0,0],[0,0]],[[0,1],[1,1]],[[0,0],[0,0]],[[0,0],[0,0]]],[[[0,0],[0,0]],[[0,0],[0,0]],[[0,1],[1,1]],[[0,0],[0,0]]],[[[0,0],[0,0]],[[0,0],[0,0]],[[0,0],[0,0]],[[0,1],[1,0]]],[[[0,1],[1,1]],[[0,1],[1,0]],[[0,1],[1,0]],[[1,1],[1,0]]]]],"DCf":[[[[0,0],[0,0],[0,0],[0,0]],[[0,0],[0,0],[0,0],[0,0]],[[0,0],[0,0],[0,0],[0,0]],[[0,0],[0,0],[0,0],[0,0]]],[[[0,0],[0,0],[0,0],[0,0]],[[0,0],[0,0],[0,0],[0,0]],[[0,0],[0,0],[0,0],[0,0]],[[0,0],[0,0],[0,0],[0,0]]],[[[0,0],[0,0],[0,0],[0,0]],[[0,0],[0,0],[0,0],[0,0]],[[0,0],[0,0],[0,0],[0,0]],[[0,0],[0,0],[0,0],[0,0]]],[[[0,0],[0,0],[0,0],[0,0]],[[0,0],[0,0],[0,0],[0,0]],[[0,0],[0,0],[0,0],[0,0]],[[0,0],[0,0],[0,0],[0,0]]]],"DCfAK":[[[[0,0],[0,0],[0,0],[0,0]],[[0,0],[0,0],[0,0],[0,0]],[[0,0],[0,0],[0,0],[0,0]],[[0,0],[0,0],[0,0],[0,0]]],[[[0,0],[0,0],[0,0],[0,0]],[[0,0],[1,0],[0,0],[1,0]],[[0,0],[0,0],[0,0],[0,0]],[[0,0],[0,0],[0,0],[0,0]]],[[[0,0],[1,0],[0,0],[0,0]],[[0,0],[0,0],[0,0],[0,0]],[[0,0],[0,0],[0,0],[1,0]],[[0,0],[0,0],[0,0],[0,0]]],[[[0,0],[0,0],[0,0],[0,0]],[[0,0],[0,0],[0,0],[0,0]],[[0,0],[0,0],[0,0],[0,0]],[[0,0],[0,0],[0,0],[0,0]]]],"Ab":[[[[[0,0],[0,0]],[[0,1],[1,1]],[[0,0],[0,0]],[[0,0],[0,0]]],[[[0,0],[0,0]],[[0,0],[0,0]],[[0,1],[1,1]],[[0,0],[0,0]]],[[[0,0],[0,0]],[[0,0],[0,0]],[[0,0],[0,0]],[[0,1],[1,1]]],[[[0,1],[1,1]],[[1,1],[1,0]],[[1,1],[1,0]],[[1,1],[1,0]]]]],"SBb":[[[[[0,1],[1,0]],[[0,1],[1,0]],[[0,1],[1,0]],[[1,1],[1,0]]],[[[0,1],[1,0]],[[0,1],[1,0]],[[1,1],[1,0]],[[0,1],[1,0]]],[[[0,1],[1,0]],[[1,1],[1,0]],[[0,1],[1,0]],[[0,1],[1,0]]],[[[0,1],[1,1]],[[0,1],[1,1]],[[0,1],[1,1]],[[0,1],[1,1]]]]],"MCb":[[[[[0,1],[1,1]],[[0,1],[1,1]],[[0,1],[1,0]],[[0,1],[1,0]]],[[[0,1],[1,1]],[[0,1],[1,1]],[[0,1],[1,0]],[[1,1],[1,0]]],[[[0,1],[1,1]],[[0,1],[1,1]],[[0,1],[1,1]],[[1,1],[1,0]]],[[[0,1],[1,1]],[[0,1],[1,1]],[[1,1],[1,1]],[[1,1],[1,1]]]]],"DCb":[[[[0,0],[0,0],[0,0],[1,0]],[[0,0],[0,0],[1,0],[0,0]],[[0,0],[1,0],[0,0],[0,0]],[[0,0],[0,0],[0,0],[0,0]]]],"DCbAK":null,"dom":[[0,0,0,0],[0,0,0,0],[0,0,0,0],[1,1,1,0]],"obj":[6,6,6],"Key":{"RK":[[[[[0,1],[1,1]],[[0,1],[1,0]],[[0,1],[1,0]],[[0,1],[1,0]]],[[[0,1],[1,1]],[[0,1],[1,1]],[[1,1],[1,0]],[[0,1],[1,0]]],[[[0,1],[1,1]],[[0,1],[1,1]],[[0,1],[1,0]],[[0,1],[1,0]]],[[[0,1],[1,1]],[[0,1],[1,1]],[[1,1],[1,0]],[[1,1],[1,0]]]],[[[[0,1],[1,1]],[[0,1],[1,1]],[[0,1],[1,0]],[[0,1],[1,0]]],[[[0,1],[1,1]],[[0,1],[1,1]],[[0,1],[1,1]],[[0,1],[1,0]]],[[[0,1],[1,1]],[[0,1],[1,1]],[[0,1],[1,0]],[[1,1],[1,0]]],[[[0,1],[1,1]],[[0,1],[1,1]],[[0,1],[1,1]],[[1,1],[1,0]]]],[[[[0,1],[1,1]],[[0,1],[1,1]],[[0,1],[1,0]],[[0,1],[1,0]]],[[[0,1],[1,1]],[[0,1],[1,1]],[[1,1],[1,0]],[[1,1],[1,0]]],[[[0,1],[1,1]],[[0,1],[1,1]],[[0,1],[1,1]],[[1,1],[1,0]]],[[[0,1],[1,1]],[[0,1],[1,1]],[[1,1],[1,1]],[[1,1],[1,1]]]],[[[[0,1],[1,1]],[[0,1],[1,1]],[[0,1],[1,0]],[[1,1],[1,0]]],[[[0,1],[1,1]],[[0,1],[1,1]],[[0,1],[1,1]],[[1,1],[1,0]]],[[[0,1],[1,1]],[[0,1],[1,1]],[[0,1],[1,1]],[[1,1],[1,1]]],[[[0,1],[1,1]],[[0,1],[1,1]],[[0,1],[1,1]],[[1,1],[1,1]]]],[[[[0,1],[1,1]],[[0,1],[1,1]],[[0,1],[1,0]],[[0,1],[1,0]]],[[[0,1],[1,1]],[[0,1],[1,1]],[[1,1],[1,0]],[[0,1],[1,0]]],[[[0,1],[1,1]],[[0,1],[1,1]],[[0,1],[1,0]],[[0,1],[1,0]]],[[[0,1],[1,1]],[[0,1],[1,1]],[[1,1],[1,0]],[[0,1],[1,0]]]],[[[[0,1],[1,1]],[[0,1],[1,0]],[[0,0],[0,0]],[[0,1],[1,0]]],[[[0,1],[1,1]],[[0,1],[1,0]],[[0,0],[0,0]],[[0,1],[1,0]]],[[[0,1],[1,1]],[[0,1],[1,0]],[[0,0],[0,0]],[[0,1],[1,0]]],[[[0,1],[1,1]],[[0,1],[1,0]],[[0,0],[0,0]],[[0,1],[1,0]]]]],"S":[[[[[1,1],[1,0]],[[0,1],[1,0]],[[0,1],[1,1]],[[0,1],[1,1]]],[[[1,1],[1,0]],[[0,1],[1,0]],[[0,1],[1,1]],[[0,1],[1,1]]],[[[0,1],[1,1]],[[0,1],[1,1]],[[0,1],[1,1]],[[0,1],[1,1]]],[[[0,1],[1,1]],[[0,1],[1,0]],[[1,1],[1,0]],[[0,1],[1,1]]]],[[[[1,1],[1,0]],[[1,1],[1,0]],[[0,1],[1,1]],[[0,1],[1,1]]],[[[0,1],[1,1]],[[0,1],[1,1]],[[0,1],[1,1]],[[1,1],[1,0]]],[[[0,1],[1,1]],[[0,1],[1,1]],[[0,1],[1,1]],[[1,1],[1,0]]],[[[0,1],[1,1]],[[0,1],[1,1]],[[0,1],[1,1]],[[0,1],[1,1]]]],[[[[1,1],[1,1]],[[0,1],[1,1]],[[0,1],[1,1]],[[0,1],[1,1]]],[[[1,1],[1,1]],[[0,1],[1,1]],[[0,1],[1,1]],[[1,1],[1,0]]],[[[0,1],[1,1]],[[0,1],[1,1]],[[1,1],[1,0]],[[0,1],[1,1]]],[[[0,1],[1,1]],[[0,1],[1,1]],[[1,1],[1,0]],[[0,1],[1,1]]]],[[[[1,1],[1,1]],[[1,1],[1,0]],[[0,1],[1,1]],[[0,1],[1,1]]],[[[0,1],[1,1]],[[0,1],[1,1]],[[0,1],[1,1]],[[1,1],[1,1]]],[[[0,1],[1,1]],[[0,1],[1,1]],[[1,1],[1,0]],[[1,1],[1,1]]],[[[0,1],[1,1]],[[1,1],[1,0]],[[0,1],[1,1]],[[0,1],[1,1]]]],[[[[0,1],[1,0]],[[0,1],[1,1]],[[0,1],[1,1]],[[0,1],[1,1]]],[[[1,1],[1,0]],[[0,1],[1,1]],[[0,1],[1,1]],[[1,1],[1,1]]],[[[0,1],[1,1]],[[0,1],[1,1]],[[1,1],[1,1]],[[0,1],[1,1]]],[[[0,1],[1,1]],[[1,1],[1,0]],[[1,1],[1,1]],[[0,1],[1,1]]]],[[[[0,1],[1,0]],[[1,1],[1,1]],[[0,1],[1,1]],[[0,1],[1,1]]],[[[0,0],[0,0]],[[0,1],[1,1]],[[0,1],[1,1]],[[0,1],[1,0]]],[[[0,1],[1,0]],[[0,1],[1,1]],[[1,1],[1,1]],[[1,1],[1,0]]],[[[0,1],[1,1]],[[1,1],[1,1]],[[0,1],[1,1]],[[0,1],[1,1]]]]],"DCK":[[[[0,0],[0,0],[0,0],[0,0]],[[0,0],[0,0],[0,0],[0,0]],[[0,0],[0,0],[0,0],[0,0]],[[0,0],[0,0],[0,0],[0,0]]],[[[0,0],[0,0],[0,0],[0,0]],[[0,0],[0,0],[0,0],[0,0]],[[0,0],[0,0],[0,0],[0,0]],[[0,0],[0,0],[0,0],[0,0]]],[[[0,0],[0,0],[0,0],[0,0]],[[0,0],[0,0],[0,0],[0,0]],[[0,0],[0,0],[0,0],[0,0]],[[0,0],[0,0],[0,0],[0,0]]],[[[0,0],[0,0],[0,0],[0,0]],[[0,0],[0,0],[0,0],[0,0]],[[0,0],[0,0],[0,0],[0,0]],[[0,0],[0,0],[0,0],[0,0]]],[[[0,0],[0,0],[0,0],[0,0]],[[0,0],[0,0],[0,0],[0,0]],[[0,0],[0,0],[0,0],[0,0]],[[0,0],[0,0],[0,0],[0,0]]],[[[0,0],[0,0],[0,0],[0,0]],[[0,0],[0,0],[0,0],[0,0]],[[0,0],[0,0],[0,0],[0,0]],[[0,0],[0,0],[0,0],[0,0]]]],"DCS":[[[0,0],[0,0],[0,0],[0,0]],[[0,0],[0,0],[0,0],[0,0]],[[1,0],[0,1],[0,0],[0,0]],[[1,0],[0,0],[0,0],[0,0]],[[0,0],[0,0],[0,0],[0,0]],[[0,0],[0,0],[0,0],[0,0]]],"GuessS":[[0,0,0,0],[0,0,0,0],[0,0,0,0],[0,0,0,0],[0,0,0,0],[0,0,0,0]]}},{"Rounds":5,"fRounds":4,"bRounds":1,"Startr":1,"objective":4,"Af":[[[[[1,1],[1,0]],[[1,1],[1,1]],[[1,1],[1,1]],[[1,1],[1,1]]],[[[1,1],[1,1]],[[1,1],[1,1]],[[1,1],[1,1]],[[1,1],[1,1]]],[[[1,1],[1,1]],[[1,1],[1,1]],[[1,1],[1,1]],[[0,1],[1,1]]],[[[1,1],[1,1]],[[1,1],[1,1]],[[1,1],[1,1]],[[0,1],[1,1]]]],[[[[1,1],[1,0]],[[0,1],[1,0]],[[0,1],[1,1]],[[0,1],[1,0]]],[[[1,1],[1,0]],[[0,1],[1,1]],[[1,1],[1,0]],[[0,1],[1,1]]],[[[0,1],[1,1]],[[0,1],[1,1]],[[0,1],[1,1]],[[0,1],[1,0]]],[[[0,1],[1,1]],[[0,1],[1,1]],[[0,1],[1,1]],[[0,1],[1,1]]]],[[[[0,1],[1,0]],[[0,1],[1,0]],[[0,1],[1,0]],[[0,1],[1,0]]],[[[0,0],[0,0]],[[0,0],[0,0]],[[0,0],[0,0]],[[0,0],[0,0]]],[[[0,1],[1,1]],[[0,1],[1,1]],[[0,1],[1,1]],[[0,1],[1,0]]],[[[0,0],[0,0]],[[0,0],[0,0]],[[0,0],[0,0]],[[0,0],[0,0]]]],[[[[0,0],[0,0]],[[0,0],[0,0]],[[1,1],[1,0]],[[0,0],[0,0]]],[[[0,0],[0,0]],[[0,1],[1,0]],[[0,0],[0,0]],[[0,0],[0,0]]],[[[1,1],[1,0]],[[0,0],[0,0]],[[0,0],[0,0]],[[0,0],[0,0]]],[[[0,0],[0,0]],[[0,0],[0,0]],[[0,0],[0,0]],[[0,0],[0,0]]]]],"SBf":[[[[[1,1],[1,0]],[[1,1],[1,1]],[[1,1],[1,1]],[[0,1],[1,1]]],[[[1,1],[1,1]],[[1,1],[1,1]],[[1,1],[1,1]],[[1,1],[1,1]]],[[[1,1],[1,1]],[[1,1],[1,1]],[[1,1],[1,1]],[[1,1],[1,1]]],[[[1,1],[1,1]],[[1,1],[1,1]],[[1,1],[1,1]],[[0,1],[1,1]]]],[[[[1,1],[1,0]],[[0,1],[1,1]],[[0,1],[1,1]],[[0,1],[1,1]]],[[[1,1],[1,0]],[[0,1],[1,1]],[[0,1],[1,1]],[[0,0],[0,0]]],[[[0,1],[1,1]],[[0,1],[1,1]],[[0,1],[1,1]],[[0,1],[1,1]]],[[[0,1],[1,1]],[[0,0],[0,0]],[[1,1],[1,0]],[[0,0],[0,0]]]],[[[[0,0],[0,0]],[[0,0],[0,0]],[[0,1],[1,1]],[[0,0],[0,0]]],[[[0,0],[0,0]],[[0,1],[1,1]],[[0,0],[0,0]],[[0,0],[0,0]]],[[[0,1],[1,1]],[[0,0],[0,0]],[[0,0],[0,0]],[[0,0],[0,0]]],[[[0,0],[0,0]],[[0,0],[0,0]],[[0,0],[0,0]],[[0,0],[0,0]]]],[[[[0,0],[0,0]],[[0,0],[0,0]],[[0,0],[0,0]],[[0,0],[0,0]]],[[[0,0],[0,0]],[[0,0],[0,0]],[[0,0],[0,0]],[[0,0],[0,0]]],[[[1,1],[1,0]],[[0,0],[0,0]],[[1,1],[1,0]],[[0,0],[0,0]]],[[[0,0],[0,0]],[[0,0],[0,0]],[[0,0],[0,0]],[[0,0],[0,0]]]]],"MCf":[[[[[0,1],[1,0]],[[0,1],[1,0]],[[0,1],[1,0]],[[0,1],[1,0]]],[[[1,1],[1,1]],[[1,1],[1,1]],[[1,1],[1,1]],[[1,1],[1,1]]],[[[1,1],[1,1]],[[1,1],[1,1]],[[1,1],[1,1]],[[1,1],[1,1]]],[[[0,1],[1,1]],[[0,1],[1,1]],[[0,1],[1,1]],[[0,1],[1,1]]]],[[[[0,1],[1,0]],[[0,1],[1,0]],[[0,1],[1,0]],[[0,1],[1,0]]],[[[0,0],[0,0]],[[0,0],[0,0]],[[0,0],[0,0]],[[0,0],[0,0]]],[[[0,1],[1,1]],[[0,1],[1,1]],[[0,1],[1,1]],[[0,1],[1,1]]],[[[0,0],[0,0]],[[0,0],[0,0]],[[0,0],[0,0]],[[0,0],[0,0]]]],[[[[0,0],[0,0]],[[0,0],[0,0]],[[0,0],[0,0]],[[0,0],[0,0]]],[[[0,0],[0,0]],[[0,0],[0,0]],[[0,0],[0,0]],[[0,0],[0,0]]],[[[0,0],[0,0]],[[0,0],[0,0]],[[0,0],[0,0]],[[0,0],[0,0]]],[[[0,0],[0,0]],[[0,0],[0,0]],[[0,0],[0,0]],[[0,0],[0,0]]]],[[[[0,0],[0,0]],[[0,0],[0,0]],[[0,0],[0,0]],[[0,0],[0,0]]],[[[0,0],[0,0]],[[0,0],[0,0]],[[0,0],[0,0]],[[0,0],[0,0]]],[[[0,1],[1,0]],[[0,1],[1,0]],[[0,1],[1,0]],[[0,1],[1,0]]],[[[0,0],[0,0]],[[0,0],[0,0]],[[0,0],[0,0]],[[0,0],[0,0]]]]],"DCf":[[[[0,0],[0,0],[0,0],[0,0]],[[0,0],[0,0],[0,0],[0,0]],[[0,0],[0,0],[0,0],[0,0]],[[0,0],[0,0],[0,0],[0,0]]],[[[0,0],[0,0],[0,0],[0,0]],[[0,0],[0,0],[0,0],[0,0]],[[0,0],[0,0],[0,0],[0,0]],[[0,0],[0,0],[0,0],[0,0]]],[[[0,0],[0,0],[0,0],[0,0]],[[0,0],[0,0],[0,0],[0,0]],[[0,0],[0,0],[0,0],[0,0]],[[0,0],[0,0],[0,0],[0,0]]],[[[0,0],[0,0],[0,0],[0,0]],[[0,0],[0,0],[0,0],[0,0]],[[0,0],[0,0],[0,0],[0,0]],[[0,0],[0,0],[0,0],[0,0]]]],"DCfAK":[[[[1,0],[0,0],[0,1],[0,0]],[[0,0],[0,0],[0,0],[0,0]],[[0,0],[0,0],[0,0],[0,0]],[[0,0],[0,0],[0,0],[0,0]]],[[[0,0],[0,0],[0,0],[0,0]],[[0,0],[0,0],[0,0],[0,0]],[[0,0],[0,0],[0,0],[0,0]],[[0,0],[0,0],[0,0],[0,0]]],[[[0,0],[0,0],[1,0],[0,0]],[[0,0],[0,0],[0,0],[0,0]],[[1,0],[0,0],[0,0],[0,0]],[[0,0],[0,0],[0,0],[0,0]]],[[[0,0],[0,0],[0,0],[0,0]],[[0,0],[0,0],[0,0],[0,0]],[[0,0],[0,0],[0,0],[0,0]],[[0,0],[0,0],[0,0],[0,0]]]],"Ab":[[[[[0,0],[0,0]],[[0,0],[0,0]],[[0,0],[0,0]],[[0,0],[0,0]]],[[[0,0],[0,0]],[[0,0],[0,0]],[[0,0],[0,0]],[[0,0],[0,0]]],[[[1,1],[1,0]],[[1,1],[1,0]],[[1,1],[1,0]],[[1,1],[1,0]]],[[[0,0],[0,0]],[[0,0],[0,0]],[[0,0],[0,0]],[[0,0],[0,0]]]]],"SBb":[[[[[0,1],[1,0]],[[0,1],[1,0]],[[1,1],[1,0]],[[0,1],[1,0]]],[[[0,1],[1,0]],[[1,1],[1,0]],[[0,1],[1,0]],[[0,1],[1,0]]],[[[1,1],[1,0]],[[0,1],[1,0]],[[0,1],[1,0]],[[0,1],[1,0]]],[[[0,1],[1,0]],[[0,1],[1,0]],[[0,1],[1,0]],[[1,1],[1,0]]]]],"MCb":[[[[[0,1],[1,0]],[[0,1],[1,1]],[[0,1],[1,0]],[[0,1],[1,0]]],[[[0,1],[1,1]],[[0,1],[1,1]],[[0,1],[1,1]],[[1,1],[1,0]]],[[[0,1],[1,0]],[[0,1],[1,1]],[[0,1],[1,0]],[[0,1],[1,0]]],[[[0,1],[1,1]],[[1,1],[1,1]],[[0,1],[1,1]],[[0,1],[1,0]]]]],"DCb":[[[[0,0],[0,0],[1,0],[0,0]],[[0,0],[1,0],[0,0],[0,0]],[[1,0],[0,0],[0,0],[0,0]],[[0,0],[0,0],[0,0],[1,0]]]],"DCbAK":null,"dom":[[0,0,0,0],[0,0,0,0],[1,1,0,0],[0,0,0,0]],"obj":[4,6,4],"Key":{"RK":[[[[[0,1],[1,0]],[[0,1],[1,0]],[[0,1],[1,0]],[[0,1],[1,0]]],[[[0,1],[1,1]],[[0,1],[1,0]],[[0,1],[1,1]],[[1,1],[1,0]]],[[[0,1],[1,1]],[[0,1],[1,1]],[[0,1],[1,0]],[[0,1],[1,0]]],[[[0,1],[1,1]],[[0,1],[1,1]],[[0,1],[1,1]],[[1,1],[1,0]]]],[[[[0,1],[1,0]],[[0,1],[1,0]],[[0,1],[1,0]],[[0,1],[1,0]]],[[[1,1],[1,0]],[[0,1],[1,1]],[[1,1],[1,0]],[[0,1],[1,1]]],[[[0,1],[1,0]],[[0,1],[1,1]],[[0,1],[1,0]],[[0,1],[1,0]]],[[[1,1],[1,0]],[[0,1],[1,1]],[[1,1],[1,0]],[[0,1],[1,1]]]],[[[[0,1],[1,0]],[[0,1],[1,1]],[[0,1],[1,0]],[[0,1],[1,0]]],[[[0,1],[1,1]],[[0,1],[1,1]],[[0,1],[1,1]],[[1,1],[1,0]]],[[[0,1],[1,0]],[[0,1],[1,1]],[[0,1],[1,0]],[[0,1],[1,0]]],[[[0,1],[1,1]],[[1,1],[1,1]],[[0,1],[1,1]],[[1,1],[1,0]]]],[[[[0,1],[1,0]],[[0,1],[1,1]],[[0,1],[1,0]],[[0,1],[1,0]]],[[[1,1],[1,0]],[[0,1],[1,1]],[[1,1],[1,0]],[[0,1],[1,1]]],[[[0,1],[1,1]],[[0,1],[1,1]],[[0,1],[1,1]],[[0,1],[1,0]]],[[[1,1],[1,1]],[[0,1],[1,1]],[[1,1],[1,1]],[[0,1],[1,1]]]],[[[[0,1],[1,0]],[[0,1],[1,1]],[[0,1],[1,0]],[[0,1],[1,0]]],[[[0,1],[1,1]],[[0,1],[1,1]],[[0,1],[1,1]],[[1,1],[1,0]]],[[[0,1],[1,1]],[[0,1],[1,1]],[[0,1],[1,1]],[[0,1],[1,0]]],[[[0,1],[1,1]],[[0,1],[1,1]],[[0,1],[1,1]],[[1,1],[1,0]]]],[[[[0,1],[1,0]],[[0,1],[1,1]],[[0,1],[1,0]],[[0,1],[1,0]]],[[[0,1],[1,0]],[[0,1],[1,1]],[[1,1],[1,0]],[[0,1],[1,1]]],[[[0,1],[1,0]],[[0,1],[1,1]],[[0,1],[1,0]],[[0,1],[1,0]]],[[[0,1],[1,0]],[[0,1],[1,1]],[[1,1],[1,0]],[[0,1],[1,1]]]]],"S":[[[[[1,1],[1,0]],[[1,1],[1,0]],[[1,1],[1,0]],[[1,1],[1,1]]],[[[0,1],[1,1]],[[0,1],[1,1]],[[0,1],[1,1]],[[0,1],[1,1]]],[[[0,1],[1,1]],[[0,1],[1,0]],[[1,1],[1,0]],[[1,1],[1,0]]],[[[0,1],[1,1]],[[0,1],[1,1]],[[0,1],[1,1]],[[0,1],[1,1]]]],[[[[0,1],[1,1]],[[0,1],[1,1]],[[0,1],[1,1]],[[0,1],[1,1]]],[[[1,1],[1,0]],[[1,1],[1,0]],[[1,1],[1,1]],[[1,1],[1,0]]],[[[0,1],[1,1]],[[0,1],[1,1]],[[0,1],[1,1]],[[0,1],[1,1]]],[[[1,1],[1,0]],[[1,1],[1,0]],[[1,1],[1,0]],[[0,1],[1,1]]]],[[[[1,1],[1,0]],[[1,1],[1,0]],[[0,1],[1,1]],[[1,1],[1,0]]],[[[0,1],[1,1]],[[0,1],[1,1]],[[0,1],[1,1]],[[0,1],[1,1]]],[[[1,1],[1,1]],[[1,1],[1,1]],[[1,1],[1,0]],[[1,1],[1,0]]],[[[0,1],[1,1]],[[0,1],[1,1]],[[0,1],[1,1]],[[0,1],[1,1]]]],[[[[0,1],[1,1]],[[0,1],[1,1]],[[0,1],[1,1]],[[0,1],[1,1]]],[[[1,1],[1,1]],[[0,1],[1,1]],[[1,1],[1,0]],[[1,1],[1,0]]],[[[0,1],[1,1]],[[0,1],[1,1]],[[0,1],[1,1]],[[0,1],[1,1]]],[[[1,1],[1,1]],[[1,1],[1,0]],[[1,1],[1,0]],[[1,1],[1,1]]]],[[[[1,1],[1,0]],[[1,1],[1,0]],[[1,1],[1,1]],[[1,1],[1,1]]],[[[0,1],[1,1]],[[0,1],[1,1]],[[0,1],[1,1]],[[0,1],[1,1]]],[[[0,1],[1,1]],[[1,1],[1,0]],[[1,1],[1,0]],[[1,1],[1,1]]],[[[0,1],[1,1]],[[0,1],[1,1]],[[0,1],[1,1]],[[0,1],[1,1]]]],[[[[0,1],[1,1]],[[0,1],[1,1]],[[0,1],[1,1]],[[0,1],[1,1]]],[[[1,1],[1,0]],[[1,1],[1,1]],[[1,1],[1,1]],[[1,1],[1,0]]],[[[0,1],[1,1]],[[0,1],[1,1]],[[0,1],[1,1]],[[0,1],[1,1]]],[[[0,1],[1,0]],[[1,1],[1,0]],[[1,1],[1,1]],[[0,1],[1,1]]]]],"DCK":[[[[0,0],[0,0],[0,0],[0,0]],[[0,0],[0,0],[0,0],[0,0]],[[0,0],[0,0],[0,0],[0,0]],[[0,0],[0,0],[0,0],[0,0]]],[[[0,0],[0,0],[0,0],[0,0]],[[0,0],[0,0],[0,0],[0,0]],[[0,0],[0,0],[0,0],[0,0]],[[0,0],[0,0],[0,0],[0,0]]],[[[0,0],[0,0],[0,0],[0,0]],[[0,0],[0,0],[0,0],[0,0]],[[0,0],[0,0],[0,0],[0,0]],[[0,0],[0,0],[0,0],[0,0]]],[[[0,0],[0,0],[0,0],[0,0]],[[0,0],[0,0],[0,0],[0,0]],[[0,0],[0,0],[0,0],[0,0]],[[0,0],[0,0],[0,0],[0,0]]],[[[0,0],[0,0],[0,0],[0,0]],[[0,0],[0,0],[0,0],[0,0]],[[0,0],[0,0],[0,0],[0,0]],[[0,0],[0,0],[0,0],[0,0]]],[[[0,0],[0,0],[0,0],[0,0]],[[0,0],[0,0],[0,0],[0,0]],[[0,0],[0,0],[0,0],[0,0]],[[0,0],[0,0],[0,0],[0,0]]]],"DCS":[[[0,0],[0,0],[0,0],[0,0]],[[0,0],[0,0],[0,0],[0,0]],[[0,0],[0,0],[0,1],[0,0]],[[0,0],[0,1],[0,0],[0,0]],[[0,0],[0,0],[0,0],[0,0]],[[0,0],[0,0],[0,0],[0,0]]],"GuessS":[[0,0,0,0],[0,0,0,0],[0,0,0,0],[0,0,0,0],[0,0,0,0],[0,0,0,0]]}},{"Rounds":5,"fRounds":4,"bRounds":1,"Startr":1,"objective":2,"Af":[[[[[0,1],[1,1]],[[1,1],[1,1]],[[1,1],[1,1]],[[1,1],[1,1]]],[[[1,1],[1,1]],[[0,1],[1,1]],[[1,1],[1,1]],[[1,1],[1,1]]],[[[1,1],[1,1]],[[1,1],[1,1]],[[0,1],[1,1]],[[1,1],[1,1]]],[[[1,1],[1,1]],[[1,1],[1,1]],[[1,1],[1,1]],[[0,1],[1,1]]]],[[[[0,1],[1,1]],[[1,1],[1,0]],[[1,1],[1,0]],[[0,1],[1,1]]],[[[0,1],[1,1]],[[0,1],[1,1]],[[0,1],[1,0]],[[0,1],[1,1]]],[[[0,1],[1,1]],[[0,1],[1,1]],[[0,1],[1,1]],[[0,1],[1,1]]],[[[0,1],[1,1]],[[0,1],[1,1]],[[0,1],[1,1]],[[0,1],[1,1]]]],[[[[0,1],[1,1]],[[0,1],[1,0]],[[0,1],[1,0]],[[0,1],[1,1]]],[[[0,1],[1,1]],[[0,1],[1,0]],[[0,1],[1,1]],[[0,1],[1,1]]],[[[0,1],[1,0]],[[0,1],[1,0]],[[0,1],[1,0]],[[1,1],[1,0]]],[[[0,0],[0,0]],[[0,0],[0,0]],[[0,0],[0,0]],[[0,0],[0,0]]]],[[[[0,0],[0,0]],[[0,0],[0,0]],[[0,0],[0,0]],[[0,0],[0,0]]],[[[0,0],[0,0]],[[0,0],[0,0]],[[0,0],[0,0]],[[0,1],[1,1]]],[[[0,0],[0,0]],[[0,0],[0,0]],[[0,0],[0,0]],[[0,1],[1,1]]],[[[0,0],[0,0]],[[0,0],[0,0]],[[0,1],[1,0]],[[1,1],[1,0]]]]],"SBf":[[[[[0,1],[1,1]],[[0,1],[1,1]],[[0,1],[1,1]],[[0,1],[1,1]]],[[[1,1],[1,1]],[[1,1],[1,1]],[[1,1],[1,1]],[[1,1],[1,1]]],[[[1,1],[1,1]],[[1,1],[1,1]],[[1,1],[1,1]],[[1,1],[1,1]]],[[[1,1],[1,1]],[[1,1],[1,1]],[[1,1],[1,1]],[[1,1],[1,1]]]],[[[[0,1],[1,1]],[[0,1],[1,1]],[[0,1],[1,1]],[[0,1],[1,1]]],[[[0,1],[1,1]],[[0,1],[1,1]],[[0,1],[1,1]],[[0,1],[1,1]]],[[[0,1],[1,1]],[[0,1],[1,1]],[[1,1],[1,0]],[[0,1],[1,1]]],[[[0,1],[1,1]],[[1,1],[1,0]],[[0,0],[0,0]],[[0,1],[1,1]]]],[[[[0,1],[1,1]],[[0,0],[0,0]],[[0,0],[0,0]],[[0,0],[0,0]]],[[[0,1],[1,1]],[[0,0],[0,0]],[[0,0],[0,0]],[[0,1],[1,1]]],[[[0,0],[0,0]],[[0,0],[0,0]],[[0,0],[0,0]],[[0,1],[1,1]]],[[[0,0],[0,0]],[[0,0],[0,0]],[[0,1],[1,1]],[[1,1],[1,0]]]],[[[[0,0],[0,0]],[[0,0],[0,0]],[[0,0],[0,0]],[[1,1],[1,0]]],[[[0,0],[0,0]],[[0,0],[0,0]],[[0,0],[0,0]],[[0,0],[0,0]]],[[[0,0],[0,0]],[[0,0],[0,0]],[[0,0],[0,0]],[[0,1],[1,1]]],[[[0,0],[0,0]],[[0,0],[0,0]],[[0,0],[0,0]],[[0,1],[1,1]]]]],"MCf":[[[[[0,1],[1,1]],[[0,1],[1,1]],[[1,1],[1,1]],[[0,1],[1,1]]],[[[1,1],[1,1]],[[1,1],[1,1]],[[1,1],[1,1]],[[1,1],[1,1]]],[[[1,1],[1,1]],[[1,1],[1,1]],[[1,1],[1,1]],[[1,1],[1,1]]],[[[1,1],[1,1]],[[1,1],[1,1]],[[1,1],[1,1]],[[1,1],[1,1]]]],[[[[0,1],[1,1]],[[0,1],[1,1]],[[0,1],[1,1]],[[0,1],[1,1]]],[[[0,1],[1,1]],[[0,1],[1,1]],[[0,1],[1,1]],[[0,1],[1,1]]],[[[0,1],[1,0]],[[0,1],[1,0]],[[0,1],[1,0]],[[0,1],[1,0]]],[[[0,0],[0,0]],[[0,0],[0,0]],[[0,0],[0,0]],[[0,0],[0,0]]]],[[[[0,0],[0,0]],[[0,0],[0,0]],[[0,0],[0,0]],[[0,0],[0,0]]],[[[0,0],[0,0]],[[0,0],[0,0]],[[0,0],[0,0]],[[0,0],[0,0]]],[[[0,0],[0,0]],[[0,0],[0,0]],[[0,0],[0,0]],[[0,0],[0,0]]],[[[0,0],[0,0]],[[0,0],[0,0]],[[0,0],[0,0]],[[0,0],[0,0]]]],[[[[0,1],[1,1]],[[0,1],[1,0]],[[0,1],[1,0]],[[0,1],[1,0]]],[[[0,0],[0,0]],[[0,0],[0,0]],[[0,1],[1,0]],[[0,0],[0,0]]],[[[0,0],[0,0]],[[0,0],[0,0]],[[0,0],[0,0]],[[0,1],[1,1]]],[[[0,1],[1,1]],[[0,0],[0,0]],[[1,1],[1,0]],[[0,0],[0,0]]]]],"DCf":[[[[0,0],[0,0],[1,0],[0,0]],[[0,0],[0,0],[0,0],[0,0]],[[0,0],[0,0],[0,0],[0,0]],[[0,0],[0,0],[0,0],[0,0]]],[[[0,0],[0,0],[0,0],[0,0]],[[0,0],[0,0],[0,0],[0,0]],[[0,0],[0,0],[0,0],[0,0]],[[0,0],[0,0],[0,0],[0,0]]],[[[0,0],[0,0],[0,0],[0,0]],[[0,0],[0,0],[0,0],[0,0]],[[0,0],[0,0],[0,0],[0,0]],[[0,0],[0,0],[0,0],[0,0]]],[[[0,0],[0,0],[0,0],[0,0]],[[0,0],[0,0],[0,0],[0,0]],[[0,0],[0,0],[0,0],[0,0]],[[0,0],[0,0],[0,0],[0,0]]]],"DCfAK":[[[[0,0],[1,0],[0,0],[0,0]],[[0,0],[0,0],[0,0],[0,0]],[[0,0],[0,0],[0,0],[0,0]],[[0,0],[0,0],[0,0],[0,0]]],[[[0,0],[0,0],[0,0],[0,0]],[[0,0],[0,0],[0,0],[0,0]],[[0,0],[0,0],[0,0],[1,0]],[[0,0],[0,0],[0,0],[0,0]]],[[[0,0],[0,0],[0,0],[0,0]],[[0,0],[0,0],[0,0],[0,0]],[[0,0],[0,0],[0,0],[0,0]],[[0,0],[0,0],[0,0],[1,0]]],[[[0,0],[0,0],[0,0],[0,0]],[[0,0],[0,0],[0,0],[0,0]],[[0,0],[0,0],[0,0],[0,0]],[[0,0],[0,0],[0,0],[0,0]]]],"Ab":[[[[[0,1],[1,1]],[[0,1],[1,1]],[[1,1],[1,0]],[[1,1],[1,0]]],[[[0,0],[0,0]],[[0,0],[0,0]],[[0,1],[1,1]],[[0,0],[0,0]]],[[[0,0],[0,0]],[[0,0],[0,0]],[[0,0],[0,0]],[[0,1],[1,1]]],[[[0,1],[1,1]],[[0,0],[0,0]],[[1,1],[1,0]],[[0,0],[0,0]]]]],"SBb":[[[[[0,1],[1,1]],[[0,1],[1,0]],[[0,1],[1,0]],[[0,1],[1,0]]],[[[0,1],[1,0]],[[0,1],[1,0]],[[1,1],[1,0]],[[1,1],[1,0]]],[[[0,1],[1,0]],[[0,1],[1,0]],[[1,1],[1,0]],[[0,1],[1,0]]],[[[0,1],[1,1]],[[0,1],[1,1]],[[0,1],[1,1]],[[0,1],[1,1]]]]],"MCb":[[[[[0,1],[1,1]],[[0,1],[1,0]],[[0,1],[1,0]],[[0,1],[1,1]]],[[[0,1],[1,1]],[[0,1],[1,0]],[[0,1],[1,1]],[[0,1],[1,1]]],[[[0,1],[1,1]],[[0,1],[1,1]],[[0,1],[1,0]],[[0,1],[1,1]]],[[[0,1],[1,1]],[[1,1],[1,1]],[[0,1],[1,1]],[[0,1],[1,1]]]]],"DCb":[[[[0,1],[0,0],[0,0],[0,0]],[[0,0],[0,0],[1,0],[1,0]],[[0,0],[0,0],[1,0],[0,0]],[[0,0],[0,0],[0,0],[0,0]]]],"DCbAK":null,"dom":[[1,0,0,0],[0,0,0,0],[0,0,0,0],[0,0,0,0]],"obj":[8,2,2],"Key":{"RK":[[[[[0,1],[1,0]],[[0,1],[1,0]],[[0,1],[1,0]],[[0,1],[1,1]]],[[[0,1],[1,1]],[[1,1],[1,0]],[[0,1],[1,1]],[[0,1],[1,1]]],[[[0,1],[1,1]],[[0,1],[1,0]],[[0,1],[1,1]],[[0,1],[1,1]]],[[[0,1],[1,1]],[[1,1],[1,0]],[[0,1],[1,1]],[[0,1],[1,1]]]],[[[[0,1],[1,1]],[[0,1],[1,0]],[[0,1],[1,0]],[[0,1],[1,1]]],[[[0,1],[1,1]],[[0,1],[1,1]],[[0,1],[1,0]],[[0,1],[1,1]]],[[[0,1],[1,1]],[[0,1],[1,0]],[[0,1],[1,0]],[[0,1],[1,1]]],[[[0,1],[1,1]],[[0,1],[1,1]],[[1,1],[1,0]],[[0,1],[1,1]]]],[[[[0,1],[1,1]],[[0,1],[1,0]],[[0,1],[1,0]],[[0,1],[1,1]]],[[[0,1],[1,1]],[[1,1],[1,0]],[[0,1],[1,1]],[[0,1],[1,1]]],[[[0,1],[1,1]],[[0,1],[1,1]],[[0,1],[1,0]],[[0,1],[1,1]]],[[[0,1],[1,1]],[[1,1],[1,1]],[[0,1],[1,1]],[[1,1],[1,1]]]],[[[[0,1],[1,1]],[[0,1],[1,0]],[[1,1],[1,0]],[[0,1],[1,1]]],[[[0,1],[1,1]],[[0,1],[1,1]],[[0,1],[1,0]],[[0,1],[1,1]]],[[[0,1],[1,1]],[[0,1],[1,1]],[[0,1],[1,1]],[[0,1],[1,1]]],[[[0,1],[1,1]],[[0,1],[1,1]],[[0,1],[1,1]],[[0,1],[1,1]]]],[[[[0,1],[1,1]],[[0,1],[1,0]],[[0,1],[1,0]],[[0,1],[1,1]]],[[[0,1],[1,1]],[[0,1],[1,0]],[[0,1],[1,1]],[[0,1],[1,1]]],[[[0,1],[1,1]],[[0,1],[1,0]],[[0,1],[1,1]],[[0,1],[1,1]]],[[[0,1],[1,1]],[[0,1],[1,0]],[[0,1],[1,1]],[[0,1],[1,1]]]],[[[[0,0],[0,0]],[[0,1],[1,0]],[[0,1],[1,0]],[[0,1],[1,1]]],[[[0,0],[0,0]],[[0,1],[1,1]],[[0,1],[1,0]],[[0,1],[1,1]]],[[[0,0],[0,0]],[[0,1],[1,0]],[[0,1],[1,0]],[[0,1],[1,1]]],[[[0,0],[0,0]],[[0,1],[1,1]],[[0,1],[1,0]],[[0,1],[1,1]]]]],"S":[[[[[0,1],[1,1]],[[0,1],[1,0]],[[1,1],[1,0]],[[0,1],[1,1]]],[[[0,1],[1,1]],[[0,1],[1,1]],[[0,1],[1,1]],[[0,1],[1,1]]],[[[1,1],[1,0]],[[0,1],[1,0]],[[0,1],[1,1]],[[0,1],[1,1]]],[[[0,1],[1,1]],[[0,1],[1,1]],[[0,1],[1,1]],[[0,1],[1,1]]]],[[[[0,1],[1,1]],[[0,1],[1,1]],[[0,1],[1,1]],[[0,1],[1,1]]],[[[1,1],[1,0]],[[1,1],[1,0]],[[0,1],[1,1]],[[0,1],[1,1]]],[[[0,1],[1,1]],[[0,1],[1,1]],[[0,1],[1,1]],[[0,1],[1,1]]],[[[0,1],[1,1]],[[0,1],[1,1]],[[0,1],[1,1]],[[1,1],[1,0]]]],[[[[1,1],[1,1]],[[0,1],[1,1]],[[1,1],[1,0]],[[0,1],[1,1]]],[[[0,1],[1,1]],[[0,1],[1,1]],[[0,1],[1,1]],[[0,1],[1,1]]],[[[1,1],[1,1]],[[0,1],[1,1]],[[0,1],[1,1]],[[1,1],[1,0]]],[[[0,1],[1,1]],[[0,1],[1,1]],[[0,1],[1,1]],[[0,1],[1,1]]]],[[[[0,1],[1,1]],[[0,1],[1,1]],[[0,1],[1,1]],[[0,1],[1,1]]],[[[0,1],[1,1]],[[1,1],[1,0]],[[0,1],[1,1]],[[1,1],[1,1]]],[[[0,1],[1,1]],[[0,1],[1,1]],[[0,1],[1,1]],[[0,1],[1,1]]],[[[0,1],[1,1]],[[0,1],[1,1]],[[1,1],[1,0]],[[1,1],[1,1]]]],[[[[0,1],[1,1]],[[1,1],[1,0]],[[1,1],[1,1]],[[0,1],[1,1]]],[[[0,1],[1,1]],[[0,1],[1,1]],[[0,1],[1,1]],[[0,1],[1,1]]],[[[0,1],[1,0]],[[0,1],[1,1]],[[1,1],[1,1]],[[0,1],[1,1]]],[[[0,1],[1,1]],[[0,1],[1,1]],[[0,1],[1,1]],[[0,1],[1,1]]]],[[[[0,1],[1,1]],[[0,1],[1,1]],[[0,1],[1,1]],[[0,1],[1,1]]],[[[0,1],[1,0]],[[1,1],[1,1]],[[0,1],[1,1]],[[0,1],[1,1]]],[[[0,1],[1,1]],[[0,1],[1,1]],[[0,1],[1,1]],[[0,1],[1,1]]],[[[0,0],[0,0]],[[1,1],[1,1]],[[0,1],[1,1]],[[0,1],[1,0]]]]],"DCK":[[[[0,0],[0,0],[0,0],[0,0]],[[0,0],[0,0],[0,0],[0,0]],[[0,0],[0,0],[0,0],[0,0]],[[0,0],[0,0],[0,0],[0,0]]],[[[0,0],[0,0],[0,0],[0,0]],[[0,0],[0,0],[0,0],[0,0]],[[0,0],[0,0],[0,0],[0,0]],[[0,0],[0,0],[0,0],[0,0]]],[[[0,0],[0,0],[0,0],[0,0]],[[0,0],[0,0],[0,0],[0,0]],[[0,0],[0,0],[0,0],[0,0]],[[0,0],[0,0],[0,0],[0,0]]],[[[0,0],[0,0],[1,0],[0,0]],[[0,0],[0,0],[0,0],[0,0]],[[0,0],[0,0],[0,0],[0,0]],[[0,0],[0,0],[0,0],[0,0]]],[[[0,0],[0,0],[0,0],[0,0]],[[0,0],[0,0],[0,0],[0,0]],[[0,0],[0,0],[0,0],[0,0]],[[0,0],[0,0],[0,0],[0,0]]],[[[0,0],[0,0],[0,0],[0,0]],[[0,0],[0,0],[0,0],[0,0]],[[0,0],[0,0],[0,0],[0,0]],[[0,0],[0,0],[0,0],[0,0]]]],"DCS":[[[0,0],[0,0],[0,0],[0,0]],[[0,0],[0,0],[0,0],[0,0]],[[1,0],[0,0],[0,1],[0,0]],[[0,0],[0,0],[0,0],[0,0]],[[0,0],[0,0],[0,0],[0,0]],[[0,0],[0,0],[0,0],[0,0]]],"GuessS":[[0,0,0,0],[0,0,0,0],[0,0,0,0],[0,0,0,0],[0,0,0,0],[0,0,0,0]]}},{"Rounds":5,"fRounds":4,"bRounds":1,"Startr":1,"objective":0,"Af":[[[[[0,1],[1,1]],[[0,1],[1,1]],[[1,1],[1,1]],[[0,1],[1,1]]],[[[0,1],[1,1]],[[0,1],[1,1]],[[0,1],[1,1]],[[1,1],[1,1]]],[[[1,1],[1,1]],[[0,1],[1,1]],[[1,1],[1,0]],[[1,1],[1,1]]],[[[0,1],[1,1]],[[1,1],[1,1]],[[0,1],[1,1]],[[0,1],[1,1]]]],[[[[0,0],[0,0]],[[0,1],[1,1]],[[0,0],[0,0]],[[0,1],[1,1]]],[[[0,0],[0,0]],[[0,1],[1,1]],[[0,0],[0,0]],[[1,1],[1,0]]],[[[0,0],[0,0]],[[1,1],[1,0]],[[0,0],[0,0]],[[1,1],[1,0]]],[[[0,0],[0,0]],[[0,1],[1,1]],[[0,0],[0,0]],[[1,1],[1,0]]]],[[[[0,0],[0,0]],[[0,0],[0,0]],[[0,0],[0,0]],[[0,0],[0,0]]],[[[0,0],[0,0]],[[0,0],[0,0]],[[0,0],[0,0]],[[0,0],[0,0]]],[[[0,0],[0,0]],[[0,0],[0,0]],[[0,0],[0,0]],[[0,0],[0,0]]],[[[0,0],[0,0]],[[0,0],[0,0]],[[0,0],[0,0]],[[0,0],[0,0]]]],[[[[0,0],[0,0]],[[0,0],[0,0]],[[0,0],[0,0]],[[0,0],[0,0]]],[[[0,0],[0,0]],[[0,0],[0,0]],[[0,0],[0,0]],[[0,0],[0,0]]],[[[0,0],[0,0]],[[0,0],[0,0]],[[0,0],[0,0]],[[0,0],[0,0]]],[[[0,0],[0,0]],[[0,0],[0,0]],[[0,0],[0,0]],[[0,0],[0,0]]]]],"SBf":[[[[[0,1],[1,1]],[[0,1],[1,1]],[[1,1],[1,0]],[[0,1],[1,1]]],[[[0,1],[1,1]],[[0,1],[1,1]],[[0,1],[1,1]],[[0,1],[1,1]]],[[[1,1],[1,1]],[[1,1],[1,1]],[[1,1],[1,1]],[[1,1],[1,1]]],[[[0,1],[1,1]],[[0,1],[1,1]],[[0,1],[1,1]],[[1,1],[1,1]]]],[[[[0,0],[0,0]],[[0,1],[1,1]],[[0,0],[0,0]],[[1,1],[1,0]]],[[[0,0],[0,0]],[[1,1],[1,0]],[[0,0],[0,0]],[[0,1],[1,1]]],[[[0,0],[0,0]],[[0,1],[1,1]],[[0,0],[0,0]],[[1,1],[1,0]]],[[[0,0],[0,0]],[[0,1],[1,1]],[[0,0],[0,0]],[[1,1],[1,0]]]],[[[[0,0],[0,0]],[[0,0],[0,0]],[[0,0],[0,0]],[[0,0],[0,0]]],[[[0,0],[0,0]],[[0,0],[0,0]],[[0,0],[0,0]],[[0,0],[0,0]]],[[[0,0],[0,0]],[[0,0],[0,0]],[[0,0],[0,0]],[[0,0],[0,0]]],[[[0,0],[0,0]],[[0,0],[0,0]],[[0,0],[0,0]],[[0,0],[0,0]]]],[[[[0,0],[0,0]],[[0,0],[0,0]],[[0,0],[0,0]],[[0,0],[0,0]]],[[[0,0],[0,0]],[[0,0],[0,0]],[[0,0],[0,0]],[[0,0],[0,0]]],[[[0,0],[0,0]],[[0,0],[0,0]],[[0,0],[0,0]],[[0,0],[0,0]]],[[[0,0],[0,0]],[[0,0],[0,0]],[[0,0],[0,0]],[[0,0],[0,0]]]]],"MCf":[[[[[0,1],[1,0]],[[0,1],[1,0]],[[0,1],[1,0]],[[0,1],[1,0]]],[[[0,1],[1,1]],[[0,1],[1,1]],[[0,1],[1,1]],[[0,1],[1,1]]],[[[1,1],[1,1]],[[1,1],[1,1]],[[1,1],[1,1]],[[1,1],[1,1]]],[[[0,1],[1,1]],[[0,1],[1,1]],[[0,1],[1,1]],[[0,1],[1,1]]]],[[[[0,0],[0,0]],[[0,0],[0,0]],[[0,0],[0,0]],[[0,0],[0,0]]],[[[0,0],[0,0]],[[0,0],[0,0]],[[0,0],[0,0]],[[0,0],[0,0]]],[[[0,0],[0,0]],[[0,0],[0,0]],[[0,0],[0,0]],[[0,0],[0,0]]],[[[0,0],[0,0]],[[0,0],[0,0]],[[0,0],[0,0]],[[0,0],[0,0]]]],[[[[0,0],[0,0]],[[0,0],[0,0]],[[0,0],[0,0]],[[0,0],[0,0]]],[[[0,0],[0,0]],[[0,0],[0,0]],[[0,0],[0,0]],[[0,0],[0,0]]],[[[0,0],[0,0]],[[0,0],[0,0]],[[0,0],[0,0]],[[0,0],[0,0]]],[[[0,0],[0,0]],[[0,0],[0,0]],[[0,0],[0,0]],[[0,0],[0,0]]]],[[[[0,1],[1,0]],[[0,0],[0,0]],[[0,1],[1,0]],[[0,0],[0,0]]],[[[0,0],[0,0]],[[0,1],[1,1]],[[0,0],[0,0]],[[0,0],[0,0]]],[[[0,1],[1,0]],[[0,1],[1,1]],[[0,1],[1,0]],[[0,0],[0,0]]],[[[0,0],[0,0]],[[0,1],[1,1]],[[1,1],[1,0]],[[0,0],[0,0]]]]],"DCf":[[[[0,0],[0,0],[0,0],[0,0]],[[0,0],[0,0],[0,0],[0,0]],[[0,0],[0,0],[0,0],[0,0]],[[0,0],[0,0],[0,0],[0,0]]],[[[0,0],[0,0],[0,0],[0,0]],[[0,0],[0,0],[0,0],[0,0]],[[0,0],[0,0],[0,0],[0,0]],[[0,0],[0,0],[0,0],[0,0]]],[[[0,0],[0,0],[0,0],[0,0]],[[0,0],[0,0],[0,0],[0,0]],[[0,0],[0,0],[0,0],[0,0]],[[0,0],[0,0],[0,0],[0,0]]],[[[0,0],[0,0],[0,0],[0,0]],[[0,0],[0,0],[0,0],[0,0]],[[0,0],[0,0],[0,0],[0,0]],[[0,0],[0,0],[0,0],[0,0]]]],"DCfAK":[[[[0,0],[0,1],[0,0],[0,1]],[[0,0],[0,0],[0,0],[1,0]],[[0,0],[0,0],[0,0],[0,0]],[[0,0],[0,0],[0,0],[1,0]]],[[[0,0],[0,0],[0,0],[0,0]],[[0,0],[0,0],[0,0],[0,0]],[[0,0],[0,0],[0,0],[0,0]],[[0,0],[0,0],[0,0],[0,0]]],[[[0,0],[0,0],[0,0],[0,0]],[[0,0],[0,0],[0,0],[0,0]],[[0,0],[0,0],[0,0],[0,0]],[[0,0],[0,0],[0,0],[0,0]]],[[[0,0],[0,0],[0,0],[0,0]],[[0,0],[0,0],[0,0],[0,0]],[[0,0],[0,0],[0,0],[0,0]],[[0,0],[0,0],[0,0],[0,0]]]],"Ab":[[[[[1,1],[1,0]],[[0,0],[0,0]],[[0,1],[1,1]],[[0,0],[0,0]]],[[[0,0],[0,0]],[[0,1],[1,1]],[[0,0],[0,0]],[[0,0],[0,0]]],[[[1,1],[1,0]],[[0,1],[1,1]],[[1,1],[1,0]],[[0,0],[0,0]]],[[[0,0],[0,0]],[[0,1],[1,1]],[[1,1],[1,0]],[[0,0],[0,0]]]]],"SBb":[[[[[1,1],[1,0]],[[0,1],[1,1]],[[1,1],[1,0]],[[0,1],[1,0]]],[[[0,1],[1,0]],[[0,1],[1,1]],[[1,1],[1,0]],[[0,1],[1,0]]],[[[1,1],[1,0]],[[0,1],[1,1]],[[0,1],[1,1]],[[0,1],[1,0]]],[[[0,1],[1,0]],[[0,1],[1,0]],[[0,1],[1,0]],[[0,1],[1,0]]]]],"MCb":[[[[[0,1],[1,0]],[[0,1],[1,0]],[[0,1],[1,0]],[[0,1],[1,0]]],[[[0,1],[1,1]],[[0,1],[1,0]],[[0,1],[1,1]],[[0,1],[1,0]]],[[[0,1],[1,1]],[[0,1],[1,0]],[[1,1],[1,0]],[[0,1],[1,0]]],[[[0,1],[1,1]],[[0,1],[1,0]],[[0,1],[1,1]],[[0,1],[1,0]]]]],"DCb":[[[[1,0],[0,1],[1,0],[0,0]],[[0,0],[0,1],[1,0],[0,0]],[[1,0],[0,1],[0,1],[0,0]],[[0,0],[0,0],[0,0],[0,0]]]],"DCbAK":null,"dom":[[0,0,0,0],[0,0,0,0],[0,0,0,0],[0,0,0,0]],"obj":[0,0,0],"Key":{"RK":[[[[[0,1],[1,0]],[[0,1],[1,1]],[[0,1],[1,0]],[[1,1],[1,0]]],[[[0,1],[1,1]],[[0,1],[1,1]],[[0,1],[1,0]],[[1,1],[1,0]]],[[[1,1],[1,0]],[[0,1],[1,1]],[[0,1],[1,1]],[[1,1],[1,0]]],[[[1,1],[1,1]],[[0,1],[1,1]],[[0,1],[1,1]],[[1,1],[1,0]]]],[[[[0,1],[1,0]],[[0,1],[1,1]],[[0,1],[1,0]],[[1,1],[1,0]]],[[[0,1],[1,0]],[[0,1],[1,1]],[[0,1],[1,0]],[[1,1],[1,0]]],[[[0,1],[1,1]],[[0,1],[1,1]],[[0,1],[1,0]],[[1,1],[1,0]]],[[[0,1],[1,1]],[[0,1],[1,1]],[[1,1],[1,0]],[[1,1],[1,0]]]],[[[[0,1],[1,0]],[[0,1],[1,0]],[[0,1],[1,0]],[[0,1],[1,0]]],[[[0,1],[1,1]],[[0,1],[1,0]],[[0,1],[1,1]],[[0,1],[1,0]]],[[[0,1],[1,1]],[[0,1],[1,0]],[[1,1],[1,0]],[[0,1],[1,0]]],[[[0,1],[1,1]],[[0,1],[1,0]],[[1,1],[1,1]],[[0,1],[1,0]]]],[[[[0,0],[0,0]],[[0,1],[1,0]],[[0,0],[0,0]],[[0,1],[1,0]]],[[[0,0],[0,0]],[[0,1],[1,1]],[[0,0],[0,0]],[[0,1],[1,0]]],[[[0,0],[0,0]],[[1,1],[1,0]],[[0,0],[0,0]],[[1,1],[1,0]]],[[[0,0],[0,0]],[[0,1],[1,1]],[[0,0],[0,0]],[[0,1],[1,0]]]],[[[[0,0],[0,0]],[[0,0],[0,0]],[[0,0],[0,0]],[[0,0],[0,0]]],[[[0,1],[1,1]],[[0,0],[0,0]],[[0,0],[0,0]],[[0,0],[0,0]]],[[[0,0],[0,0]],[[0,0],[0,0]],[[0,0],[0,0]],[[0,0],[0,0]]],[[[0,1],[1,1]],[[0,0],[0,0]],[[0,0],[0,0]],[[0,0],[0,0]]]],[[[[0,0],[0,0]],[[0,0],[0,0]],[[0,0],[0,0]],[[0,0],[0,0]]],[[[0,0],[0,0]],[[0,0],[0,0]],[[0,0],[0,0]],[[0,1],[1,0]]],[[[0,0],[0,0]],[[0,0],[0,0]],[[0,0],[0,0]],[[0,0],[0,0]]],[[[0,0],[0,0]],[[0,0],[0,0]],[[0,0],[0,0]],[[0,1],[1,0]]]]],"S":[[[[[1,1],[1,0]],[[1,1],[1,0]],[[0,1],[1,1]],[[1,1],[1,0]]],[[[0,1],[1,1]],[[0,1],[1,1]],[[0,1],[1,1]],[[1,1],[1,0]]],[[[0,1],[1,1]],[[0,1],[1,1]],[[1,1],[1,0]],[[0,1],[1,1]]],[[[1,1],[1,1]],[[1,1],[1,0]],[[1,1],[1,0]],[[0,1],[1,1]]]],[[[[1,1],[1,0]],[[1,1],[1,0]],[[0,1],[1,1]],[[1,1],[1,1]]],[[[1,1],[1,0]],[[0,1],[1,1]],[[1,1],[1,0]],[[1,1],[1,0]]],[[[0,1],[1,1]],[[0,1],[1,1]],[[1,1],[1,0]],[[0,1],[1,1]]],[[[0,1],[1,1]],[[1,1],[1,0]],[[0,1],[1,1]],[[0,1],[1,1]]]],[[[[0,1],[1,0]],[[0,1],[1,1]],[[0,1],[1,1]],[[0,1],[1,1]]],[[[1,1],[1,1]],[[0,1],[1,1]],[[1,1],[1,1]],[[1,1],[1,0]]],[[[0,1],[1,0]],[[1,1],[1,0]],[[1,1],[1,0]],[[1,1],[1,0]]],[[[0,1],[1,1]],[[1,1],[1,0]],[[0,1],[1,1]],[[0,1],[1,1]]]],[[[[0,1],[1,0]],[[0,1],[1,1]],[[0,1],[1,1]],[[0,1],[1,1]]],[[[0,0],[0,0]],[[0,1],[1,1]],[[0,1],[1,1]],[[0,1],[1,0]]],[[[0,1],[1,1]],[[1,1],[1,1]],[[1,1],[1,0]],[[1,1],[1,1]]],[[[0,0],[0,0]],[[1,1],[1,0]],[[1,1],[1,0]],[[0,1],[1,0]]]],[[[[0,0],[0,0]],[[1,1],[1,0]],[[0,1],[1,0]],[[0,0],[0,0]]],[[[0,0],[0,0]],[[0,1],[1,1]],[[0,1],[1,1]],[[0,1],[1,0]]],[[[0,0],[0,0]],[[0,1],[1,1]],[[0,1],[1,0]],[[0,0],[0,0]]],[[[0,1],[1,1]],[[1,1],[1,0]],[[1,1],[1,1]],[[0,1],[1,1]]]],[[[[0,1],[1,0]],[[1,1],[1,1]],[[0,1],[1,1]],[[0,1],[1,1]]],[[[0,0],[0,0]],[[0,1],[1,0]],[[0,0],[0,0]],[[0,0],[0,0]]],[[[0,0],[0,0]],[[0,1],[1,1]],[[0,1],[1,0]],[[0,0],[0,0]]],[[[0,0],[0,0]],[[0,1],[1,0]],[[0,0],[0,0]],[[0,0],[0,0]]]]],"DCK":[[[[0,0],[0,0],[0,0],[0,0]],[[0,0],[0,0],[0,0],[0,0]],[[0,0],[0,0],[0,0],[0,0]],[[0,0],[0,0],[0,0],[0,0]]],[[[0,0],[0,0],[0,0],[0,0]],[[0,0],[0,0],[0,0],[0,0]],[[0,0],[0,0],[0,0],[0,0]],[[0,0],[0,0],[0,0],[0,0]]],[[[0,0],[0,0],[0,0],[0,0]],[[0,0],[0,0],[0,0],[0,0]],[[0,0],[0,0],[0,0],[0,0]],[[0,0],[0,0],[0,0],[0,0]]],[[[0,0],[0,0],[0,0],[0,0]],[[0,0],[0,0],[0,0],[0,0]],[[0,0],[1,0],[0,0],[1,0]],[[0,0],[0,0],[0,0],[0,0]]],[[[0,0],[0,0],[0,0],[0,0]],[[0,0],[0,0],[0,0],[0,0]],[[0,0],[0,0],[0,0],[0,0]],[[0,0],[0,0],[0,0],[0,0]]],[[[0,0],[0,0],[0,0],[0,0]],[[0,0],[0,0],[0,0],[0,0]],[[0,0],[0,0],[0,0],[0,0]],[[0,0],[0,0],[0,0],[0,0]]]],"DCS":[[[0,0],[0,0],[0,0],[0,0]],[[0,0],[0,0],[0,0],[0,0]],[[0,0],[0,1],[0,0],[0,0]],[[0,0],[0,0],[0,0],[0,0]],[[0,0],[0,0],[0,0],[0,0]],[[0,0],[0,0],[0,0],[0,0]]],"GuessS":[[0,0,0,0],[0,0,0,0],[0,0,0,0],[0,0,0,0],[0,0,0,0],[0,0,0,0]]}}]